X,Y,track_fid,track_seg_id,track_seg_point_id,ele,time,magvar,geoidheight,name,cmt,desc,src,link1_href,link1_text,link1_type,link2_href,link2_text,link2_type,sym,type,fix,sat,hdop,vdop,pdop,ageofdgpsdata,dgpsid,speed,course,hAcc,vAcc
-76.438832,36.7954,0,0,0,9.981322,2021/05/19 18:22:47+00,,,,,,,,,,,,,,,,,,,,,,1.81732,-1,5.398408,3.376192
-76.438827,36.795415,0,0,1,9.81854,2021/05/19 18:22:48+00,,,,,,,,,,,,,,,,,,,,,,1.817121,-1,5.026292,3.132563
-76.438821,36.795431,0,0,2,9.655719,2021/05/19 18:22:49+00,,,,,,,,,,,,,,,,,,,,,,1.816393,-1,4.676771,2.906329
-76.438816,36.795447,0,0,3,9.492828,2021/05/19 18:22:50+00,,,,,,,,,,,,,,,,,,,,,,1.81496,-1,4.34973,2.69732
-76.43881,36.795463,0,0,4,9.329845,2021/05/19 18:22:51+00,,,,,,,,,,,,,,,,,,,,,,1.812749,-1,4.044775,2.505092
-76.438805,36.795478,0,0,5,9.166767,2021/05/19 18:22:52+00,,,,,,,,,,,,,,,,,,,,,,1.809685,-1,3.761375,2.329049
-76.438799,36.795494,0,0,6,9.003655,2021/05/19 18:22:53+00,,,,,,,,,,,,,,,,,,,,,,1.805449,-1,3.498917,2.168491
-76.438793,36.795509,0,0,7,8.840724,2021/05/19 18:22:54+00,,,,,,,,,,,,,,,,,,,,,,1.799438,-1,3.25668,2.022594
-76.438787,36.795525,0,0,8,8.678382,2021/05/19 18:22:55+00,,,,,,,,,,,,,,,,,,,,,,1.791152,-1,3.033915,1.890479
-76.438781,36.79554,0,0,9,8.517245,2021/05/19 18:22:56+00,,,,,,,,,,,,,,,,,,,,,,1.78,-1,2.829965,1.771336
-76.438775,36.795555,0,0,10,8.358114,2021/05/19 18:22:57+00,,,,,,,,,,,,,,,,,,,,,,1.765564,342.13974,2.644376,1.66451
-76.438765,36.795578,0,0,11,8.118733,2021/05/19 18:22:59+00,,,,,,,,,,,,,,,,,,,,,,1.719934,343.797028,2.378984,1.511396
-76.438758,36.795593,0,0,12,7.97135,2021/05/19 18:23:00+00,,,,,,,,,,,,,,,,,,,,,,1.696763,347.200195,2.21882,1.417865
-76.43875,36.795607,0,0,13,7.828751,2021/05/19 18:23:01+00,,,,,,,,,,,,,,,,,,,,,,1.668365,12.384202,2.071546,1.332184
-76.438743,36.79562,0,0,14,7.691777,2021/05/19 18:23:02+00,,,,,,,,,,,,,,,,,,,,,,1.631659,8.729845,1.936899,1.254162
-76.438735,36.795633,0,0,15,7.561325,2021/05/19 18:23:03+00,,,,,,,,,,,,,,,,,,,,,,1.584778,7.145123,1.814558,1.183572
-76.438726,36.795646,0,0,16,7.438248,2021/05/19 18:23:04+00,,,,,,,,,,,,,,,,,,,,,,1.527173,22.860674,1.704226,1.120208
-76.438718,36.795657,0,0,17,7.323225,2021/05/19 18:23:05+00,,,,,,,,,,,,,,,,,,,,,,1.459368,39.332722,1.605643,1.063877
-76.438709,36.795668,0,0,18,7.21666,2021/05/19 18:23:06+00,,,,,,,,,,,,,,,,,,,,,,1.382738,45.605553,1.518502,1.014348
-76.438699,36.795677,0,0,19,7.118666,2021/05/19 18:23:07+00,,,,,,,,,,,,,,,,,,,,,,1.299748,71.313614,1.442477,0.971356
-76.43869,36.795685,0,0,20,7.029084,2021/05/19 18:23:08+00,,,,,,,,,,,,,,,,,,,,,,1.213929,58.062973,1.37732,0.934673
-76.43868,36.795692,0,0,21,6.94752,2021/05/19 18:23:09+00,,,,,,,,,,,,,,,,,,,,,,1.128968,33.1394,1.322771,0.904069
-76.43867,36.795698,0,0,22,6.873396,2021/05/19 18:23:10+00,,,,,,,,,,,,,,,,,,,,,,1.047758,70.788124,1.278285,0.879166
-76.43866,36.795702,0,0,23,6.806025,2021/05/19 18:23:11+00,,,,,,,,,,,,,,,,,,,,,,0.973332,96.43721,1.242951,0.859403
-76.43865,36.795705,0,0,24,6.744662,2021/05/19 18:23:12+00,,,,,,,,,,,,,,,,,,,,,,0.909461,92.435837,1.215608,0.844096
-76.43864,36.795706,0,0,25,6.688626,2021/05/19 18:23:13+00,,,,,,,,,,,,,,,,,,,,,,0.85986,94.78569,1.19501,0.832538
-76.438631,36.795706,0,0,26,6.637117,2021/05/19 18:23:14+00,,,,,,,,,,,,,,,,,,,,,,0.827669,103.566833,1.179839,0.823987
-76.438622,36.795704,0,0,27,6.58959,2021/05/19 18:23:15+00,,,,,,,,,,,,,,,,,,,,,,0.815395,103.063087,1.168915,0.817784
-76.438614,36.7957,0,0,28,6.545537,2021/05/19 18:23:16+00,,,,,,,,,,,,,,,,,,,,,,0.823199,111.414055,1.161194,0.813348
-76.438606,36.795696,0,0,29,6.504576,2021/05/19 18:23:17+00,,,,,,,,,,,,,,,,,,,,,,0.849022,138.470322,1.155808,0.810195
-76.4386,36.79569,0,0,30,6.46647,2021/05/19 18:23:18+00,,,,,,,,,,,,,,,,,,,,,,0.88933,166.670288,1.152061,0.807934
-76.438595,36.795683,0,0,31,6.431129,2021/05/19 18:23:19+00,,,,,,,,,,,,,,,,,,,,,,0.940024,162.800461,1.149423,0.806263
-76.43859,36.795675,0,0,32,6.398602,2021/05/19 18:23:20+00,,,,,,,,,,,,,,,,,,,,,,0.997312,170.982452,1.147498,0.804953
-76.438587,36.795666,0,0,33,6.369061,2021/05/19 18:23:21+00,,,,,,,,,,,,,,,,,,,,,,1.058315,184.392136,1.146008,0.803839
-76.438586,36.795656,0,0,34,6.342781,2021/05/19 18:23:22+00,,,,,,,,,,,,,,,,,,,,,,1.121438,199.083328,1.144765,0.802805
-76.438585,36.795646,0,0,35,6.320117,2021/05/19 18:23:23+00,,,,,,,,,,,,,,,,,,,,,,1.186275,210.542114,1.143653,0.801779
-76.438586,36.795635,0,0,36,6.301475,2021/05/19 18:23:24+00,,,,,,,,,,,,,,,,,,,,,,1.253376,214.330338,1.14261,0.800725
-76.438589,36.795624,0,0,37,6.287282,2021/05/19 18:23:25+00,,,,,,,,,,,,,,,,,,,,,,1.323318,221.455612,1.141617,0.799635
-76.438592,36.795612,0,0,38,6.277957,2021/05/19 18:23:26+00,,,,,,,,,,,,,,,,,,,,,,1.3961,247.977615,1.140689,0.798533
-76.438597,36.795599,0,0,39,6.273887,2021/05/19 18:23:27+00,,,,,,,,,,,,,,,,,,,,,,1.471152,239.404251,1.13987,0.797465
-76.438603,36.795587,0,0,40,6.275418,2021/05/19 18:23:28+00,,,,,,,,,,,,,,,,,,,,,,1.547429,223.904633,1.13922,0.796495
-76.43861,36.795573,0,0,41,6.282827,2021/05/19 18:23:29+00,,,,,,,,,,,,,,,,,,,,,,1.623732,222.816147,1.138806,0.795692
-76.438617,36.79556,0,0,42,6.29631,2021/05/19 18:23:30+00,,,,,,,,,,,,,,,,,,,,,,1.69888,224.611542,1.138694,0.795122
-76.438625,36.795546,0,0,43,6.315939,2021/05/19 18:23:31+00,,,,,,,,,,,,,,,,,,,,,,1.77185,225.868668,1.138939,0.79484
-76.438634,36.795531,0,0,44,6.341628,2021/05/19 18:23:32+00,,,,,,,,,,,,,,,,,,,,,,1.841942,223.69162,1.139582,0.794885
-76.438643,36.795516,0,0,45,6.373104,2021/05/19 18:23:33+00,,,,,,,,,,,,,,,,,,,,,,1.908723,220.359482,1.140642,0.795278
-76.438652,36.7955,0,0,46,6.40992,2021/05/19 18:23:34+00,,,,,,,,,,,,,,,,,,,,,,1.971918,211.385574,1.14211,0.796017
-76.438661,36.795483,0,0,47,6.451499,2021/05/19 18:23:35+00,,,,,,,,,,,,,,,,,,,,,,2.031411,210.279343,1.143943,0.797072
-76.438671,36.795466,0,0,48,6.497181,2021/05/19 18:23:36+00,,,,,,,,,,,,,,,,,,,,,,2.087322,209.18544,1.146059,0.798384
-76.43868,36.795449,0,0,49,6.546268,2021/05/19 18:23:37+00,,,,,,,,,,,,,,,,,,,,,,2.139754,206.015778,1.148332,0.799863
-76.438688,36.79543,0,0,50,6.598053,2021/05/19 18:23:38+00,,,,,,,,,,,,,,,,,,,,,,2.188608,203.551468,1.150595,0.801388
-76.438696,36.795412,0,0,51,6.651842,2021/05/19 18:23:39+00,,,,,,,,,,,,,,,,,,,,,,2.233562,199.377136,1.152655,0.802815
-76.438704,36.795392,0,0,52,6.706965,2021/05/19 18:23:40+00,,,,,,,,,,,,,,,,,,,,,,2.274132,201.331894,1.154311,0.803996
-76.438711,36.795372,0,0,53,6.762791,2021/05/19 18:23:41+00,,,,,,,,,,,,,,,,,,,,,,2.309921,206.393036,1.155404,0.804807
-76.438717,36.795352,0,0,54,6.818733,2021/05/19 18:23:42+00,,,,,,,,,,,,,,,,,,,,,,2.340466,208.802063,1.155893,0.805202
-76.438723,36.795331,0,0,55,6.874266,2021/05/19 18:23:43+00,,,,,,,,,,,,,,,,,,,,,,2.365365,208.760651,1.155962,0.805291
-76.438727,36.79531,0,0,56,6.92893,2021/05/19 18:23:44+00,,,,,,,,,,,,,,,,,,,,,,2.384421,205.714355,1.15618,0.805443
-76.438731,36.795289,0,0,57,6.982342,2021/05/19 18:23:45+00,,,,,,,,,,,,,,,,,,,,,,2.397536,198.390289,1.157705,0.806441
-76.438734,36.795267,0,0,58,7.034204,2021/05/19 18:23:46+00,,,,,,,,,,,,,,,,,,,,,,2.404689,196.690994,1.162546,0.809656
-76.438737,36.795246,0,0,59,7.084297,2021/05/19 18:23:47+00,,,,,,,,,,,,,,,,,,,,,,2.406103,194.086853,1.173824,0.817249
-76.438738,36.795224,0,0,60,7.132492,2021/05/19 18:23:48+00,,,,,,,,,,,,,,,,,,,,,,2.402545,190.014832,1.195965,0.832315
-76.438739,36.795203,0,0,61,7.178762,2021/05/19 18:23:49+00,,,,,,,,,,,,,,,,,,,,,,2.39531,168.421387,1.234677,0.858882
-76.438739,36.795181,0,0,62,7.223189,2021/05/19 18:23:50+00,,,,,,,,,,,,,,,,,,,,,,2.385989,159.659286,1.296543,0.901635
-76.438723,36.79516,0,0,63,7.212964,2021/05/19 18:23:51+00,,,,,,,,,,,,,,,,,,,,,,2.212702,-1,1.234181,0.858248
-76.438706,36.795146,0,0,64,7.217238,2021/05/19 18:23:52+00,,,,,,,,,,,,,,,,,,,,,,2.221968,-1,1.193706,0.830844
-76.438689,36.795132,0,0,65,7.21891,2021/05/19 18:23:53+00,,,,,,,,,,,,,,,,,,,,,,2.236232,-1,1.171173,0.815826
-76.43867,36.795118,0,0,66,7.217907,2021/05/19 18:23:54+00,,,,,,,,,,,,,,,,,,,,,,2.255841,-1,1.16033,0.808766
-76.438651,36.795104,0,0,67,7.214324,2021/05/19 18:23:55+00,,,,,,,,,,,,,,,,,,,,,,2.280387,-1,1.156306,0.806256
-76.438632,36.795091,0,0,68,7.208409,2021/05/19 18:23:56+00,,,,,,,,,,,,,,,,,,,,,,2.308816,342.13974,1.155674,0.805932
-76.438611,36.795078,0,0,69,7.200543,2021/05/19 18:23:57+00,,,,,,,,,,,,,,,,,,,,,,2.339909,343.797028,1.156246,0.806313
-76.43859,36.795065,0,0,70,7.191199,2021/05/19 18:23:58+00,,,,,,,,,,,,,,,,,,,,,,2.372569,347.200195,1.156777,0.806577
-76.438568,36.795053,0,0,71,7.180879,2021/05/19 18:23:59+00,,,,,,,,,,,,,,,,,,,,,,2.405819,12.384202,1.156674,0.806354
-76.438546,36.79504,0,0,72,7.170064,2021/05/19 18:24:00+00,,,,,,,,,,,,,,,,,,,,,,2.438847,8.729845,1.155765,0.805559
-76.438523,36.795028,0,0,73,7.159173,2021/05/19 18:24:01+00,,,,,,,,,,,,,,,,,,,,,,2.470943,7.145123,1.154122,0.804269
-76.4385,36.795016,0,0,74,7.148551,2021/05/19 18:24:02+00,,,,,,,,,,,,,,,,,,,,,,2.501485,22.860674,1.151937,0.802635
-76.438476,36.795003,0,0,75,7.138467,2021/05/19 18:24:03+00,,,,,,,,,,,,,,,,,,,,,,2.530061,39.332722,1.149439,0.80083
-76.438452,36.794991,0,0,76,7.129118,2021/05/19 18:24:04+00,,,,,,,,,,,,,,,,,,,,,,2.556533,45.605553,1.146849,0.799013
-76.438427,36.794979,0,0,77,7.120635,2021/05/19 18:24:05+00,,,,,,,,,,,,,,,,,,,,,,2.580961,71.313614,1.144351,0.797314
-76.438403,36.794967,0,0,78,7.113093,2021/05/19 18:24:06+00,,,,,,,,,,,,,,,,,,,,,,2.60342,58.062973,1.142076,0.795823
-76.438378,36.794955,0,0,79,7.106523,2021/05/19 18:24:07+00,,,,,,,,,,,,,,,,,,,,,,2.62391,33.1394,1.140111,0.794593
-76.438352,36.794942,0,0,80,7.100918,2021/05/19 18:24:08+00,,,,,,,,,,,,,,,,,,,,,,2.642409,70.788124,1.138492,0.793643
-76.438327,36.79493,0,0,81,7.096256,2021/05/19 18:24:09+00,,,,,,,,,,,,,,,,,,,,,,2.658837,96.43721,1.13722,0.792961
-76.438301,36.794918,0,0,82,7.092506,2021/05/19 18:24:10+00,,,,,,,,,,,,,,,,,,,,,,2.673153,92.435837,1.136264,0.792512
-76.438276,36.794905,0,0,83,7.089646,2021/05/19 18:24:11+00,,,,,,,,,,,,,,,,,,,,,,2.68535,94.78569,1.135573,0.792239
-76.43825,36.794893,0,0,84,7.087667,2021/05/19 18:24:12+00,,,,,,,,,,,,,,,,,,,,,,2.695252,103.566833,1.135084,0.792081
-76.438224,36.794881,0,0,85,7.086581,2021/05/19 18:24:13+00,,,,,,,,,,,,,,,,,,,,,,2.702348,103.063087,1.13474,0.791986
-76.438197,36.794868,0,0,86,7.086429,2021/05/19 18:24:14+00,,,,,,,,,,,,,,,,,,,,,,2.706108,111.414055,1.134493,0.791912
-76.438171,36.794856,0,0,87,7.087284,2021/05/19 18:24:15+00,,,,,,,,,,,,,,,,,,,,,,2.706216,138.470322,1.134302,0.791828
-76.438145,36.794844,0,0,88,7.089265,2021/05/19 18:24:16+00,,,,,,,,,,,,,,,,,,,,,,2.702451,166.670288,1.134135,0.791712
-76.438119,36.794831,0,0,89,7.092529,2021/05/19 18:24:17+00,,,,,,,,,,,,,,,,,,,,,,2.69476,162.800461,1.133969,0.79155
-76.438093,36.794819,0,0,90,7.09726,2021/05/19 18:24:18+00,,,,,,,,,,,,,,,,,,,,,,2.683252,170.982452,1.133793,0.791341
-76.438068,36.794806,0,0,91,7.103652,2021/05/19 18:24:19+00,,,,,,,,,,,,,,,,,,,,,,2.668336,184.392136,1.133607,0.791098
-76.438042,36.794793,0,0,92,7.111899,2021/05/19 18:24:20+00,,,,,,,,,,,,,,,,,,,,,,2.650855,199.083328,1.13342,0.790839
-76.438018,36.794781,0,0,93,7.12218,2021/05/19 18:24:21+00,,,,,,,,,,,,,,,,,,,,,,2.631913,210.542114,1.133244,0.790589
-76.437993,36.794767,0,0,94,7.134655,2021/05/19 18:24:22+00,,,,,,,,,,,,,,,,,,,,,,2.612409,214.330338,1.133091,0.79037
-76.437969,36.794754,0,0,95,7.149446,2021/05/19 18:24:23+00,,,,,,,,,,,,,,,,,,,,,,2.592957,221.455612,1.132974,0.790202
-76.437946,36.79474,0,0,96,7.166615,2021/05/19 18:24:24+00,,,,,,,,,,,,,,,,,,,,,,2.573895,247.977615,1.132902,0.790098
-76.437923,36.794726,0,0,97,7.186146,2021/05/19 18:24:25+00,,,,,,,,,,,,,,,,,,,,,,2.555129,239.404251,1.132879,0.790066
-76.4379,36.794712,0,0,98,7.207932,2021/05/19 18:24:26+00,,,,,,,,,,,,,,,,,,,,,,2.536285,223.904633,1.132908,0.790108
-76.437879,36.794698,0,0,99,7.231753,2021/05/19 18:24:27+00,,,,,,,,,,,,,,,,,,,,,,2.516681,222.816147,1.132985,0.790221
-76.437858,36.794683,0,0,100,7.257255,2021/05/19 18:24:28+00,,,,,,,,,,,,,,,,,,,,,,2.495828,224.611542,1.133106,0.790396
-76.437837,36.794667,0,0,101,7.283953,2021/05/19 18:24:29+00,,,,,,,,,,,,,,,,,,,,,,2.473933,225.868668,1.133264,0.790625
-76.437818,36.794652,0,0,102,7.311255,2021/05/19 18:24:30+00,,,,,,,,,,,,,,,,,,,,,,2.451762,223.69162,1.133451,0.790896
-76.437798,36.794636,0,0,103,7.33851,2021/05/19 18:24:31+00,,,,,,,,,,,,,,,,,,,,,,2.430471,220.359482,1.133656,0.791193
-76.43778,36.79462,0,0,104,7.365048,2021/05/19 18:24:32+00,,,,,,,,,,,,,,,,,,,,,,2.411414,211.385574,1.133863,0.791491
-76.437762,36.794604,0,0,105,7.390237,2021/05/19 18:24:33+00,,,,,,,,,,,,,,,,,,,,,,2.395858,210.279343,1.134051,0.791763
-76.437745,36.794587,0,0,106,7.41351,2021/05/19 18:24:34+00,,,,,,,,,,,,,,,,,,,,,,2.384624,209.18544,1.1342,0.791978
-76.437728,36.794571,0,0,107,7.434375,2021/05/19 18:24:35+00,,,,,,,,,,,,,,,,,,,,,,2.378027,206.015778,1.134292,0.792111
-76.437712,36.794553,0,0,108,7.452411,2021/05/19 18:24:36+00,,,,,,,,,,,,,,,,,,,,,,2.37633,203.551468,1.134314,0.792143
-76.437697,36.794536,0,0,109,7.46726,2021/05/19 18:24:37+00,,,,,,,,,,,,,,,,,,,,,,2.379724,199.377136,1.134265,0.792074
-76.437682,36.794518,0,0,110,7.478621,2021/05/19 18:24:38+00,,,,,,,,,,,,,,,,,,,,,,2.387994,201.331894,1.134156,0.79192
-76.437667,36.7945,0,0,111,7.486252,2021/05/19 18:24:39+00,,,,,,,,,,,,,,,,,,,,,,2.40061,206.393036,1.134008,0.791708
-76.437652,36.794482,0,0,112,7.489956,2021/05/19 18:24:40+00,,,,,,,,,,,,,,,,,,,,,,2.416846,208.802063,1.133843,0.791473
-76.437638,36.794464,0,0,113,7.489589,2021/05/19 18:24:41+00,,,,,,,,,,,,,,,,,,,,,,2.435985,208.760651,1.133683,0.791244
-76.437623,36.794445,0,0,114,7.485059,2021/05/19 18:24:42+00,,,,,,,,,,,,,,,,,,,,,,2.457318,205.714355,1.133548,0.79105
-76.437609,36.794426,0,0,115,7.476351,2021/05/19 18:24:43+00,,,,,,,,,,,,,,,,,,,,,,2.480141,198.390289,1.133451,0.790911
-76.437595,36.794407,0,0,116,7.46354,2021/05/19 18:24:44+00,,,,,,,,,,,,,,,,,,,,,,2.503875,196.690994,1.133401,0.790841
-76.43758,36.794387,0,0,117,7.446796,2021/05/19 18:24:45+00,,,,,,,,,,,,,,,,,,,,,,2.528143,194.086853,1.133403,0.790844
-76.437566,36.794367,0,0,118,7.426368,2021/05/19 18:24:46+00,,,,,,,,,,,,,,,,,,,,,,2.552598,190.014832,1.133454,0.790917
-76.437551,36.794348,0,0,119,7.402557,2021/05/19 18:24:47+00,,,,,,,,,,,,,,,,,,,,,,2.576407,168.421387,1.133545,0.791048
-76.437536,36.794328,0,0,120,7.375685,2021/05/19 18:24:48+00,,,,,,,,,,,,,,,,,,,,,,2.598251,159.659286,1.133662,0.791216
-76.437521,36.794308,0,0,121,7.346075,2021/05/19 18:24:49+00,,,,,,,,,,,,,,,,,,,,,,2.616876,145.224075,1.133788,0.791396
-76.437505,36.794288,0,0,122,7.314044,2021/05/19 18:24:50+00,,,,,,,,,,,,,,,,,,,,,,2.631141,144.482132,1.133904,0.791563
-76.43749,36.794267,0,0,123,7.27989,2021/05/19 18:24:51+00,,,,,,,,,,,,,,,,,,,,,,2.640159,134.714218,1.134,0.7917
-76.437474,36.794247,0,0,124,7.243866,2021/05/19 18:24:52+00,,,,,,,,,,,,,,,,,,,,,,2.643742,116.941803,1.13407,0.791799
-76.437458,36.794227,0,0,125,7.206147,2021/05/19 18:24:53+00,,,,,,,,,,,,,,,,,,,,,,2.642403,118.191383,1.134115,0.791862
-76.437442,36.794207,0,0,126,7.166811,2021/05/19 18:24:54+00,,,,,,,,,,,,,,,,,,,,,,2.636796,112.987663,1.134143,0.7919
-76.437426,36.794187,0,0,127,7.125846,2021/05/19 18:24:55+00,,,,,,,,,,,,,,,,,,,,,,2.627061,113.532677,1.134163,0.791927
-76.43741,36.794168,0,0,128,7.083188,2021/05/19 18:24:56+00,,,,,,,,,,,,,,,,,,,,,,2.612871,115.384842,1.134185,0.791957
-76.437394,36.794148,0,0,129,7.038739,2021/05/19 18:24:57+00,,,,,,,,,,,,,,,,,,,,,,2.593789,107.612694,1.13422,0.792004
-76.437378,36.794128,0,0,130,6.992404,2021/05/19 18:24:58+00,,,,,,,,,,,,,,,,,,,,,,2.569295,114.337715,1.134275,0.79208
-76.437363,36.794109,0,0,131,6.944131,2021/05/19 18:24:59+00,,,,,,,,,,,,,,,,,,,,,,2.538866,114.549339,1.134359,0.792197
-76.437348,36.79409,0,0,132,6.89394,2021/05/19 18:25:00+00,,,,,,,,,,,,,,,,,,,,,,2.502002,115.62394,1.134473,0.792355
-76.437333,36.794071,0,0,133,6.841949,2021/05/19 18:25:01+00,,,,,,,,,,,,,,,,,,,,,,2.458418,122.842155,1.13461,0.792547
-76.437319,36.794052,0,0,134,6.788384,2021/05/19 18:25:02+00,,,,,,,,,,,,,,,,,,,,,,2.407822,126.826065,1.134756,0.79275
-76.437305,36.794034,0,0,135,6.733593,2021/05/19 18:25:03+00,,,,,,,,,,,,,,,,,,,,,,2.349695,129.275269,1.134883,0.792924
-76.437292,36.794016,0,0,136,6.678048,2021/05/19 18:25:04+00,,,,,,,,,,,,,,,,,,,,,,2.283942,128.506836,1.134957,0.793022
-76.437279,36.793998,0,0,137,6.622347,2021/05/19 18:25:05+00,,,,,,,,,,,,,,,,,,,,,,2.211273,125.250931,1.13495,0.793003
-76.437267,36.793981,0,0,138,6.567177,2021/05/19 18:25:06+00,,,,,,,,,,,,,,,,,,,,,,2.132887,123.232201,1.134848,0.792847
-76.437256,36.793965,0,0,139,6.513281,2021/05/19 18:25:07+00,,,,,,,,,,,,,,,,,,,,,,2.05015,126.197113,1.134658,0.792564
-76.437245,36.793949,0,0,140,6.461415,2021/05/19 18:25:08+00,,,,,,,,,,,,,,,,,,,,,,1.964518,125.143753,1.134398,0.792179
-76.437236,36.793933,0,0,141,6.412312,2021/05/19 18:25:09+00,,,,,,,,,,,,,,,,,,,,,,1.877362,124.488487,1.13409,0.791727
-76.437227,36.793918,0,0,142,6.366629,2021/05/19 18:25:10+00,,,,,,,,,,,,,,,,,,,,,,1.789995,123.577148,1.133758,0.791242
-76.437219,36.793904,0,0,143,6.324911,2021/05/19 18:25:11+00,,,,,,,,,,,,,,,,,,,,,,1.703859,127.153435,1.133421,0.790754
-76.437211,36.79389,0,0,144,6.287565,2021/05/19 18:25:12+00,,,,,,,,,,,,,,,,,,,,,,1.620228,128.616989,1.133098,0.79029
-76.437205,36.793877,0,0,145,6.25485,2021/05/19 18:25:13+00,,,,,,,,,,,,,,,,,,,,,,1.539812,128.120163,1.132802,0.789872
-76.437199,36.793864,0,0,146,6.226871,2021/05/19 18:25:14+00,,,,,,,,,,,,,,,,,,,,,,1.462771,126.41993,1.132545,0.789518
-76.437194,36.793852,0,0,147,6.203578,2021/05/19 18:25:15+00,,,,,,,,,,,,,,,,,,,,,,1.388672,125.228592,1.13234,0.789244
-76.437189,36.793841,0,0,148,6.184797,2021/05/19 18:25:16+00,,,,,,,,,,,,,,,,,,,,,,1.31669,124.767036,1.132198,0.789067
-76.437185,36.79383,0,0,149,6.170246,2021/05/19 18:25:17+00,,,,,,,,,,,,,,,,,,,,,,1.245915,122.960632,1.13214,0.789007
-76.437181,36.793819,0,0,150,6.159558,2021/05/19 18:25:18+00,,,,,,,,,,,,,,,,,,,,,,1.175404,123.398788,1.132189,0.789088
-76.437178,36.793809,0,0,151,6.152307,2021/05/19 18:25:19+00,,,,,,,,,,,,,,,,,,,,,,1.103826,122.919243,1.132377,0.789334
-76.437175,36.7938,0,0,152,6.148014,2021/05/19 18:25:20+00,,,,,,,,,,,,,,,,,,,,,,1.029741,123.478058,1.132748,0.789779
-76.437172,36.793791,0,0,153,6.146166,2021/05/19 18:25:21+00,,,,,,,,,,,,,,,,,,,,,,0.952236,122.395477,1.133356,0.790459
-76.43717,36.793783,0,0,154,6.146231,2021/05/19 18:25:22+00,,,,,,,,,,,,,,,,,,,,,,0.871232,122.278992,1.134269,0.791412
-76.437168,36.793776,0,0,155,6.147687,2021/05/19 18:25:23+00,,,,,,,,,,,,,,,,,,,,,,0.787477,124.623291,1.135567,0.792679
-76.437166,36.793769,0,0,156,6.150053,2021/05/19 18:25:24+00,,,,,,,,,,,,,,,,,,,,,,0.702626,128.871109,1.137341,0.794298
-76.437165,36.793763,0,0,157,6.152923,2021/05/19 18:25:25+00,,,,,,,,,,,,,,,,,,,,,,0.619263,128.505173,1.139688,0.796299
-76.437164,36.793758,0,0,158,6.155987,2021/05/19 18:25:26+00,,,,,,,,,,,,,,,,,,,,,,0.540155,128.746368,1.142703,0.798701
-76.437163,36.793754,0,0,159,6.159028,2021/05/19 18:25:27+00,,,,,,,,,,,,,,,,,,,,,,0.467496,129.148041,1.146479,0.801512
-76.437162,36.79375,0,0,160,6.161899,2021/05/19 18:25:28+00,,,,,,,,,,,,,,,,,,,,,,0.402803,129.414383,1.151102,0.804744
-76.437161,36.793747,0,0,161,6.164505,2021/05/19 18:25:29+00,,,,,,,,,,,,,,,,,,,,,,0.347141,129.352936,1.156642,0.808413
-76.437161,36.793744,0,0,162,6.166805,2021/05/19 18:25:30+00,,,,,,,,,,,,,,,,,,,,,,0.301051,129.331619,1.163122,0.812519
-76.43716,36.793741,0,0,163,6.168808,2021/05/19 18:25:31+00,,,,,,,,,,,,,,,,,,,,,,0.264566,131.82869,1.170483,0.817027
-76.43716,36.793739,0,0,164,6.170565,2021/05/19 18:25:32+00,,,,,,,,,,,,,,,,,,,,,,0.237343,141.936722,1.178546,0.821837
-76.43716,36.793737,0,0,165,6.17216,2021/05/19 18:25:33+00,,,,,,,,,,,,,,,,,,,,,,0.218898,141.44519,1.186976,0.826767
-76.43716,36.793735,0,0,166,6.173707,2021/05/19 18:25:34+00,,,,,,,,,,,,,,,,,,,,,,0.20865,141.41626,1.195251,0.831529
-76.43716,36.793733,0,0,167,6.17535,2021/05/19 18:25:35+00,,,,,,,,,,,,,,,,,,,,,,0.205869,138.855927,1.202652,0.835721
-76.43716,36.793731,0,0,168,6.177278,2021/05/19 18:25:36+00,,,,,,,,,,,,,,,,,,,,,,0.209613,139.150253,1.208279,0.838834
-76.437161,36.793729,0,0,169,6.179692,2021/05/19 18:25:37+00,,,,,,,,,,,,,,,,,,,,,,0.21877,143.901642,1.211235,0.840364
-76.437161,36.793727,0,0,170,6.18275,2021/05/19 18:25:38+00,,,,,,,,,,,,,,,,,,,,,,0.232295,144.924545,1.210987,0.840011
-76.437162,36.793725,0,0,171,6.186529,2021/05/19 18:25:39+00,,,,,,,,,,,,,,,,,,,,,,0.249379,144.586288,1.207546,0.837794
-76.437162,36.793723,0,0,172,6.191045,2021/05/19 18:25:40+00,,,,,,,,,,,,,,,,,,,,,,0.269655,147.222672,1.201471,0.834046
-76.437163,36.79372,0,0,173,6.19629,2021/05/19 18:25:41+00,,,,,,,,,,,,,,,,,,,,,,0.292941,147.870728,1.193686,0.829311
-76.437163,36.793718,0,0,174,6.202274,2021/05/19 18:25:42+00,,,,,,,,,,,,,,,,,,,,,,0.319087,147.228195,1.185121,0.824141
-76.437163,36.793715,0,0,175,6.209043,2021/05/19 18:25:43+00,,,,,,,,,,,,,,,,,,,,,,0.347963,149.371109,1.176521,0.818972
-76.437162,36.793711,0,0,176,6.216659,2021/05/19 18:25:44+00,,,,,,,,,,,,,,,,,,,,,,0.379275,148.197647,1.168415,0.814105
-76.437162,36.793708,0,0,177,6.225183,2021/05/19 18:25:45+00,,,,,,,,,,,,,,,,,,,,,,0.412495,146.780167,1.161131,0.80971
-76.437161,36.793704,0,0,178,6.234663,2021/05/19 18:25:46+00,,,,,,,,,,,,,,,,,,,,,,0.447106,147.26564,1.154822,0.805849
-76.437159,36.7937,0,0,179,6.245141,2021/05/19 18:25:47+00,,,,,,,,,,,,,,,,,,,,,,0.482773,149.890839,1.149518,0.802516
-76.437157,36.793696,0,0,180,6.25665,2021/05/19 18:25:48+00,,,,,,,,,,,,,,,,,,,,,,0.518907,151.949921,1.145171,0.799676
-76.437155,36.793691,0,0,181,6.269204,2021/05/19 18:25:49+00,,,,,,,,,,,,,,,,,,,,,,0.55427,151.956161,1.141688,0.79728
-76.437152,36.793687,0,0,182,6.28278,2021/05/19 18:25:50+00,,,,,,,,,,,,,,,,,,,,,,0.586868,151.936691,1.138956,0.79528
-76.437148,36.793682,0,0,183,6.297308,2021/05/19 18:25:51+00,,,,,,,,,,,,,,,,,,,,,,0.61401,149.546585,1.136858,0.793629
-76.437145,36.793677,0,0,184,6.312653,2021/05/19 18:25:52+00,,,,,,,,,,,,,,,,,,,,,,0.632355,147.570328,1.135281,0.792289
-76.437141,36.793673,0,0,185,6.328596,2021/05/19 18:25:53+00,,,,,,,,,,,,,,,,,,,,,,0.637946,147.054977,1.134122,0.791218
-76.437137,36.793668,0,0,186,6.344823,2021/05/19 18:25:54+00,,,,,,,,,,,,,,,,,,,,,,0.629539,151.990982,1.133292,0.790381
-76.437132,36.793663,0,0,187,6.360958,2021/05/19 18:25:55+00,,,,,,,,,,,,,,,,,,,,,,0.609185,152.054504,1.132714,0.789742
-76.437128,36.793659,0,0,188,6.376636,2021/05/19 18:25:56+00,,,,,,,,,,,,,,,,,,,,,,0.579306,151.381866,1.132323,0.789267
-76.437125,36.793655,0,0,189,6.391547,2021/05/19 18:25:57+00,,,,,,,,,,,,,,,,,,,,,,0.542167,153.508469,1.132069,0.788924
-76.437121,36.793652,0,0,190,6.405442,2021/05/19 18:25:58+00,,,,,,,,,,,,,,,,,,,,,,0.499568,156.703751,1.131912,0.788689
-76.437118,36.793648,0,0,191,6.41812,2021/05/19 18:25:59+00,,,,,,,,,,,,,,,,,,,,,,0.453021,157.715317,1.131827,0.788544
-76.437115,36.793645,0,0,192,6.429419,2021/05/19 18:26:00+00,,,,,,,,,,,,,,,,,,,,,,0.403962,149.219559,1.131797,0.788476
-76.437112,36.793642,0,0,193,6.439203,2021/05/19 18:26:01+00,,,,,,,,,,,,,,,,,,,,,,0.353819,142.057022,1.131811,0.788476
-76.43711,36.79364,0,0,194,6.447375,2021/05/19 18:26:02+00,,,,,,,,,,,,,,,,,,,,,,0.304128,141.65242,1.131863,0.788538
-76.437109,36.793638,0,0,195,6.453875,2021/05/19 18:26:03+00,,,,,,,,,,,,,,,,,,,,,,0.256283,145.812775,1.131949,0.788657
-76.437108,36.793636,0,0,196,6.458683,2021/05/19 18:26:04+00,,,,,,,,,,,,,,,,,,,,,,0.21144,147.203079,1.132068,0.788829
-76.437107,36.793634,0,0,197,6.461807,2021/05/19 18:26:05+00,,,,,,,,,,,,,,,,,,,,,,0.170885,140.794052,1.132219,0.789052
-76.437107,36.793633,0,0,198,6.463274,2021/05/19 18:26:06+00,,,,,,,,,,,,,,,,,,,,,,0.136451,139.846497,1.132403,0.789326
-76.437107,36.793632,0,0,199,6.463122,2021/05/19 18:26:07+00,,,,,,,,,,,,,,,,,,,,,,0.111271,141.911102,1.132624,0.789653
-76.437108,36.793631,0,0,200,6.461395,2021/05/19 18:26:08+00,,,,,,,,,,,,,,,,,,,,,,0.099932,161.92099,1.132884,0.790038
-76.437109,36.79363,0,0,201,6.458145,2021/05/19 18:26:09+00,,,,,,,,,,,,,,,,,,,,,,0.105608,157.491333,1.133186,0.790479
-76.43711,36.79363,0,0,202,6.453427,2021/05/19 18:26:10+00,,,,,,,,,,,,,,,,,,,,,,0.126372,155.251541,1.133525,0.790974
-76.437112,36.793631,0,0,203,6.447301,2021/05/19 18:26:11+00,,,,,,,,,,,,,,,,,,,,,,0.158315,149.260559,1.133894,0.791508
-76.437113,36.793631,0,0,204,6.43984,2021/05/19 18:26:12+00,,,,,,,,,,,,,,,,,,,,,,0.199637,147.335342,1.134285,0.792072
-76.437115,36.793633,0,0,205,6.431131,2021/05/19 18:26:13+00,,,,,,,,,,,,,,,,,,,,,,0.249943,150.79718,1.134695,0.79266
-76.437117,36.793635,0,0,206,6.421267,2021/05/19 18:26:14+00,,,,,,,,,,,,,,,,,,,,,,0.308977,156.503113,1.135123,0.793273
-76.437119,36.793637,0,0,207,6.410339,2021/05/19 18:26:15+00,,,,,,,,,,,,,,,,,,,,,,0.376397,156.265579,1.135566,0.793905
-76.437122,36.79364,0,0,208,6.398453,2021/05/19 18:26:16+00,,,,,,,,,,,,,,,,,,,,,,0.451658,152.395493,1.136014,0.794544
-76.437124,36.793644,0,0,209,6.385732,2021/05/19 18:26:17+00,,,,,,,,,,,,,,,,,,,,,,0.534761,153.755722,1.136453,0.795169
-76.437127,36.793649,0,0,210,6.372317,2021/05/19 18:26:18+00,,,,,,,,,,,,,,,,,,,,,,0.626236,157.911896,1.136854,0.79574
-76.43713,36.793655,0,0,211,6.358356,2021/05/19 18:26:19+00,,,,,,,,,,,,,,,,,,,,,,0.726441,169.281891,1.137182,0.796206
-76.437133,36.793661,0,0,212,6.343996,2021/05/19 18:26:20+00,,,,,,,,,,,,,,,,,,,,,,0.835522,170.082077,1.137398,0.796514
-76.437137,36.793669,0,0,213,6.32938,2021/05/19 18:26:21+00,,,,,,,,,,,,,,,,,,,,,,0.952947,170.24086,1.137473,0.796621
-76.437141,36.793678,0,0,214,6.314662,2021/05/19 18:26:22+00,,,,,,,,,,,,,,,,,,,,,,1.077206,172.708817,1.137389,0.796502
-76.437145,36.793687,0,0,215,6.300032,2021/05/19 18:26:23+00,,,,,,,,,,,,,,,,,,,,,,1.205774,185.892792,1.137145,0.796155
-76.43715,36.793698,0,0,216,6.285748,2021/05/19 18:26:24+00,,,,,,,,,,,,,,,,,,,,,,1.335271,206.953903,1.136754,0.7956
-76.437156,36.79371,0,0,217,6.272158,2021/05/19 18:26:25+00,,,,,,,,,,,,,,,,,,,,,,1.462055,233.70752,1.136244,0.794876
-76.437162,36.793722,0,0,218,6.259718,2021/05/19 18:26:26+00,,,,,,,,,,,,,,,,,,,,,,1.5825,240.944977,1.135652,0.794034
-76.437169,36.793736,0,0,219,6.248989,2021/05/19 18:26:27+00,,,,,,,,,,,,,,,,,,,,,,1.693519,252.012009,1.135017,0.79313
-76.437177,36.79375,0,0,220,6.240616,2021/05/19 18:26:28+00,,,,,,,,,,,,,,,,,,,,,,1.793006,263.17984,1.134375,0.792218
-76.437185,36.793765,0,0,221,6.235288,2021/05/19 18:26:29+00,,,,,,,,,,,,,,,,,,,,,,1.879563,267.160339,1.133762,0.791346
-76.437195,36.793781,0,0,222,6.233697,2021/05/19 18:26:30+00,,,,,,,,,,,,,,,,,,,,,,1.952616,265.501007,1.133204,0.790553
-76.437204,36.793797,0,0,223,6.236498,2021/05/19 18:26:31+00,,,,,,,,,,,,,,,,,,,,,,2.012452,266.874176,1.132718,0.789862
-76.437215,36.793813,0,0,224,6.244259,2021/05/19 18:26:32+00,,,,,,,,,,,,,,,,,,,,,,2.059856,266.410095,1.132311,0.789283
-76.437226,36.79383,0,0,225,6.257426,2021/05/19 18:26:33+00,,,,,,,,,,,,,,,,,,,,,,2.095843,268.5979,1.13198,0.788815
-76.437238,36.793846,0,0,226,6.276274,2021/05/19 18:26:34+00,,,,,,,,,,,,,,,,,,,,,,2.121478,268.008301,1.131722,0.788449
-76.43725,36.793863,0,0,227,6.300874,2021/05/19 18:26:35+00,,,,,,,,,,,,,,,,,,,,,,2.137605,265.838135,1.131527,0.788173
-76.437262,36.793879,0,0,228,6.331074,2021/05/19 18:26:36+00,,,,,,,,,,,,,,,,,,,,,,2.144562,82.488983,1.131384,0.787971
-76.437275,36.793896,0,0,229,6.366488,2021/05/19 18:26:37+00,,,,,,,,,,,,,,,,,,,,,,2.142532,90.427567,1.131283,0.78783
-76.437289,36.793912,0,0,230,6.406507,2021/05/19 18:26:38+00,,,,,,,,,,,,,,,,,,,,,,2.131888,93.537849,1.131215,0.787734
-76.437302,36.793927,0,0,231,6.45033,2021/05/19 18:26:39+00,,,,,,,,,,,,,,,,,,,,,,2.113334,106.984833,1.13117,0.787671
-76.437315,36.793943,0,0,232,6.497027,2021/05/19 18:26:40+00,,,,,,,,,,,,,,,,,,,,,,2.087855,105.356003,1.131141,0.787631
-76.437328,36.793958,0,0,233,6.545625,2021/05/19 18:26:41+00,,,,,,,,,,,,,,,,,,,,,,2.056581,104.209747,1.131124,0.787606
-76.437341,36.793974,0,0,234,6.595165,2021/05/19 18:26:42+00,,,,,,,,,,,,,,,,,,,,,,2.020844,104.415619,1.131113,0.787592
-76.437354,36.793988,0,0,235,6.644756,2021/05/19 18:26:43+00,,,,,,,,,,,,,,,,,,,,,,1.981842,107.180397,1.131107,0.787583
-76.437366,36.794003,0,0,236,6.693605,2021/05/19 18:26:44+00,,,,,,,,,,,,,,,,,,,,,,1.940773,108.002739,1.131103,0.787578
-76.437378,36.794018,0,0,237,6.741043,2021/05/19 18:26:45+00,,,,,,,,,,,,,,,,,,,,,,1.899125,107.940384,1.131101,0.787575
-76.43739,36.794032,0,0,238,6.786521,2021/05/19 18:26:46+00,,,,,,,,,,,,,,,,,,,,,,1.858417,107.940384,1.131099,0.787572
-76.437401,36.794046,0,0,239,6.829627,2021/05/19 18:26:47+00,,,,,,,,,,,,,,,,,,,,,,1.81981,107.940384,1.131097,0.78757
-76.437411,36.79406,0,0,240,6.870078,2021/05/19 18:26:48+00,,,,,,,,,,,,,,,,,,,,,,1.784011,107.940384,1.131096,0.787567
-76.437421,36.794073,0,0,241,6.907717,2021/05/19 18:26:49+00,,,,,,,,,,,,,,,,,,,,,,1.751767,107.940384,1.131094,0.787565
-76.437431,36.794087,0,0,242,6.942498,2021/05/19 18:26:50+00,,,,,,,,,,,,,,,,,,,,,,1.723802,107.940384,1.131092,0.787562
-76.43744,36.794101,0,0,243,6.974466,2021/05/19 18:26:51+00,,,,,,,,,,,,,,,,,,,,,,1.700635,159.872665,1.13109,0.78756
-76.437448,36.794114,0,0,244,7.003744,2021/05/19 18:26:52+00,,,,,,,,,,,,,,,,,,,,,,1.682715,157.488815,1.131089,0.787557
-76.437457,36.794128,0,0,245,7.030506,2021/05/19 18:26:53+00,,,,,,,,,,,,,,,,,,,,,,1.670419,152.538132,1.131087,0.787555
-76.437465,36.794141,0,0,246,7.054966,2021/05/19 18:26:54+00,,,,,,,,,,,,,,,,,,,,,,1.663857,158.306717,1.131086,0.787553
-76.437472,36.794155,0,0,247,7.077376,2021/05/19 18:26:55+00,,,,,,,,,,,,,,,,,,,,,,1.662543,158.786499,1.131085,0.787552
-76.43748,36.794169,0,0,248,7.098035,2021/05/19 18:26:56+00,,,,,,,,,,,,,,,,,,,,,,1.665509,158.242325,1.131084,0.78755
-76.437487,36.794183,0,0,249,7.117285,2021/05/19 18:26:57+00,,,,,,,,,,,,,,,,,,,,,,1.671563,158.146622,1.131083,0.787549
-76.437494,36.794197,0,0,250,7.135507,2021/05/19 18:26:58+00,,,,,,,,,,,,,,,,,,,,,,1.679431,159.160995,1.131082,0.787548
-76.437501,36.794211,0,0,251,7.153096,2021/05/19 18:26:59+00,,,,,,,,,,,,,,,,,,,,,,1.68792,160.166412,1.131082,0.787548
-76.437507,36.794225,0,0,252,7.17044,2021/05/19 18:27:00+00,,,,,,,,,,,,,,,,,,,,,,1.696392,160.901382,1.131082,0.787547
-76.437514,36.794239,0,0,253,7.187893,2021/05/19 18:27:01+00,,,,,,,,,,,,,,,,,,,,,,1.704939,160.915924,1.131081,0.787547
-76.437521,36.794254,0,0,254,7.205763,2021/05/19 18:27:02+00,,,,,,,,,,,,,,,,,,,,,,1.713894,161.321167,1.131081,0.787547
-76.437528,36.794268,0,0,255,7.22432,2021/05/19 18:27:03+00,,,,,,,,,,,,,,,,,,,,,,1.723537,161.361343,1.131081,0.787547
-76.437535,36.794283,0,0,256,7.24381,2021/05/19 18:27:04+00,,,,,,,,,,,,,,,,,,,,,,1.734161,161.619263,1.131081,0.787546
-76.437543,36.794297,0,0,257,7.26444,2021/05/19 18:27:05+00,,,,,,,,,,,,,,,,,,,,,,1.746081,160.958969,1.131081,0.787546
-76.437551,36.794311,0,0,258,7.286361,2021/05/19 18:27:06+00,,,,,,,,,,,,,,,,,,,,,,1.75958,160.277451,1.131081,0.787546
-76.43756,36.794326,0,0,259,7.309649,2021/05/19 18:27:07+00,,,,,,,,,,,,,,,,,,,,,,1.774748,196.226135,1.131081,0.787546
-76.437569,36.79434,0,0,260,7.334302,2021/05/19 18:27:08+00,,,,,,,,,,,,,,,,,,,,,,1.791435,205.306656,1.131081,0.787546
-76.437578,36.794354,0,0,261,7.360232,2021/05/19 18:27:09+00,,,,,,,,,,,,,,,,,,,,,,1.80921,241.38913,1.131081,0.787546
-76.437589,36.794368,0,0,262,7.387263,2021/05/19 18:27:10+00,,,,,,,,,,,,,,,,,,,,,,1.827393,284.752502,1.131081,0.787546
-76.4376,36.794382,0,0,263,7.415125,2021/05/19 18:27:11+00,,,,,,,,,,,,,,,,,,,,,,1.845394,284.752502,1.131081,0.787546
-76.437611,36.794396,0,0,264,7.443469,2021/05/19 18:27:12+00,,,,,,,,,,,,,,,,,,,,,,1.862829,284.752502,1.131081,0.787546
-76.437624,36.79441,0,0,265,7.471872,2021/05/19 18:27:13+00,,,,,,,,,,,,,,,,,,,,,,1.879476,284.752502,1.131081,0.787546
-76.437637,36.794423,0,0,266,7.499861,2021/05/19 18:27:14+00,,,,,,,,,,,,,,,,,,,,,,1.895185,340.274811,1.131081,0.787546
-76.43765,36.794437,0,0,267,7.526936,2021/05/19 18:27:15+00,,,,,,,,,,,,,,,,,,,,,,1.909753,350.076874,1.131081,0.787546
-76.437665,36.794449,0,0,268,7.552596,2021/05/19 18:27:16+00,,,,,,,,,,,,,,,,,,,,,,1.922702,353.755493,1.131081,0.787546
-76.437679,36.794462,0,0,269,7.576358,2021/05/19 18:27:17+00,,,,,,,,,,,,,,,,,,,,,,1.933014,354.292694,1.131081,0.787546
-76.437694,36.794475,0,0,270,7.597768,2021/05/19 18:27:18+00,,,,,,,,,,,,,,,,,,,,,,1.939484,354.771271,1.131081,0.787546
-76.43771,36.794487,0,0,271,7.616415,2021/05/19 18:27:19+00,,,,,,,,,,,,,,,,,,,,,,1.941305,354.510956,1.131081,0.787546
-76.437726,36.794499,0,0,272,7.631927,2021/05/19 18:27:20+00,,,,,,,,,,,,,,,,,,,,,,1.938166,353.259979,1.131081,0.787546
-76.437742,36.79451,0,0,273,7.643969,2021/05/19 18:27:21+00,,,,,,,,,,,,,,,,,,,,,,1.930103,353.299347,1.131081,0.787546
-76.437759,36.794521,0,0,274,7.652253,2021/05/19 18:27:22+00,,,,,,,,,,,,,,,,,,,,,,1.917519,352.885315,1.131081,0.787546
-76.437776,36.794532,0,0,275,7.656561,2021/05/19 18:27:23+00,,,,,,,,,,,,,,,,,,,,,,1.901229,352.201019,1.131081,0.787546
-76.437792,36.794542,0,0,276,7.65677,2021/05/19 18:27:24+00,,,,,,,,,,,,,,,,,,,,,,1.882457,352.517395,1.131081,0.787546
-76.437809,36.794553,0,0,277,7.652872,2021/05/19 18:27:25+00,,,,,,,,,,,,,,,,,,,,,,1.862493,355.037445,1.131081,0.787546
-76.437826,36.794563,0,0,278,7.644966,2021/05/19 18:27:26+00,,,,,,,,,,,,,,,,,,,,,,1.84234,352.156189,1.131081,0.787546
-76.437842,36.794572,0,0,279,7.633249,2021/05/19 18:27:27+00,,,,,,,,,,,,,,,,,,,,,,1.82292,349.208679,1.131081,0.787546
-76.437859,36.794582,0,0,280,7.617992,2021/05/19 18:27:28+00,,,,,,,,,,,,,,,,,,,,,,1.805126,341.328094,1.131081,0.787546
-76.437875,36.794591,0,0,281,7.599519,2021/05/19 18:27:29+00,,,,,,,,,,,,,,,,,,,,,,1.789667,354.627808,1.131081,0.787546
-76.437892,36.7946,0,0,282,7.578184,2021/05/19 18:27:30+00,,,,,,,,,,,,,,,,,,,,,,1.776931,334.519165,1.131081,0.787546
-76.437908,36.794609,0,0,283,7.554356,2021/05/19 18:27:31+00,,,,,,,,,,,,,,,,,,,,,,1.766928,326.989441,1.131081,0.787546
-76.437924,36.794618,0,0,284,7.528411,2021/05/19 18:27:32+00,,,,,,,,,,,,,,,,,,,,,,1.759449,326.699219,1.13108,0.787546
-76.43794,36.794628,0,0,285,7.500725,2021/05/19 18:27:33+00,,,,,,,,,,,,,,,,,,,,,,1.754164,350.172821,1.131079,0.787546
-76.437957,36.794637,0,0,286,7.471678,2021/05/19 18:27:34+00,,,,,,,,,,,,,,,,,,,,,,1.750639,350.887421,1.131078,0.787545
-76.437973,36.794646,0,0,287,7.441649,2021/05/19 18:27:35+00,,,,,,,,,,,,,,,,,,,,,,1.748063,326.646454,1.131076,0.787545
-76.437989,36.794655,0,0,288,7.411031,2021/05/19 18:27:36+00,,,,,,,,,,,,,,,,,,,,,,1.745311,325.145508,1.131074,0.787544
-76.438005,36.794664,0,0,289,7.380231,2021/05/19 18:27:37+00,,,,,,,,,,,,,,,,,,,,,,1.741459,330.813446,1.13107,0.787542
-76.43802,36.794673,0,0,290,7.349674,2021/05/19 18:27:38+00,,,,,,,,,,,,,,,,,,,,,,1.735999,333.370636,1.131065,0.787541
-76.438036,36.794682,0,0,291,7.319779,2021/05/19 18:27:39+00,,,,,,,,,,,,,,,,,,,,,,1.728837,324.219299,1.131059,0.787538
-76.438052,36.794691,0,0,292,7.290932,2021/05/19 18:27:40+00,,,,,,,,,,,,,,,,,,,,,,1.72025,325.472565,1.131051,0.787535
-76.438067,36.7947,0,0,293,7.263474,2021/05/19 18:27:41+00,,,,,,,,,,,,,,,,,,,,,,1.710915,342.89447,1.131042,0.787531
-76.438083,36.794709,0,0,294,7.237692,2021/05/19 18:27:42+00,,,,,,,,,,,,,,,,,,,,,,1.701565,343.769653,1.131031,0.787527
-76.438098,36.794718,0,0,295,7.213821,2021/05/19 18:27:43+00,,,,,,,,,,,,,,,,,,,,,,1.692602,342.98172,1.131019,0.787522
-76.438114,36.794727,0,0,296,7.192037,2021/05/19 18:27:44+00,,,,,,,,,,,,,,,,,,,,,,1.68407,339.981628,1.131007,0.787518
-76.438129,36.794736,0,0,297,7.172451,2021/05/19 18:27:45+00,,,,,,,,,,,,,,,,,,,,,,1.675872,344.515991,1.130996,0.787513
-76.438144,36.794745,0,0,298,7.155102,2021/05/19 18:27:46+00,,,,,,,,,,,,,,,,,,,,,,1.667887,347.316193,1.130986,0.787509
-76.438159,36.794754,0,0,299,7.139947,2021/05/19 18:27:47+00,,,,,,,,,,,,,,,,,,,,,,1.659834,345.967133,1.130981,0.787507
-76.438174,36.794763,0,0,300,7.126885,2021/05/19 18:27:48+00,,,,,,,,,,,,,,,,,,,,,,1.651639,344.03775,1.130981,0.787508
-76.438189,36.794771,0,0,301,7.115771,2021/05/19 18:27:49+00,,,,,,,,,,,,,,,,,,,,,,1.643587,344.804016,1.130988,0.787511
-76.438203,36.79478,0,0,302,7.106443,2021/05/19 18:27:50+00,,,,,,,,,,,,,,,,,,,,,,1.635828,327.91864,1.131003,0.787518
-76.438218,36.794789,0,0,303,7.098733,2021/05/19 18:27:51+00,,,,,,,,,,,,,,,,,,,,,,1.628272,322.426727,1.131027,0.787529
-76.438233,36.794798,0,0,304,7.092476,2021/05/19 18:27:52+00,,,,,,,,,,,,,,,,,,,,,,1.620699,306.257294,1.131056,0.787543
-76.438247,36.794806,0,0,305,7.087512,2021/05/19 18:27:53+00,,,,,,,,,,,,,,,,,,,,,,1.612583,329.732666,1.131085,0.787557
-76.438262,36.794815,0,0,306,7.083684,2021/05/19 18:27:54+00,,,,,,,,,,,,,,,,,,,,,,1.603161,329.125763,1.131101,0.787566
-76.438277,36.794823,0,0,307,7.080848,2021/05/19 18:27:55+00,,,,,,,,,,,,,,,,,,,,,,1.591821,326.71463,1.131087,0.787564
-76.438291,36.794831,0,0,308,7.07886,2021/05/19 18:27:56+00,,,,,,,,,,,,,,,,,,,,,,1.578421,340.496643,1.131012,0.787538
-76.438305,36.79484,0,0,309,7.077592,2021/05/19 18:27:57+00,,,,,,,,,,,,,,,,,,,,,,1.563285,353.609497,1.130837,0.78747
-76.43832,36.794848,0,0,310,7.076926,2021/05/19 18:27:58+00,,,,,,,,,,,,,,,,,,,,,,1.547101,340.96814,1.130507,0.787339
-76.438334,36.794856,0,0,311,7.076762,2021/05/19 18:27:59+00,,,,,,,,,,,,,,,,,,,,,,1.530976,330.578064,1.129951,0.787115
-76.438348,36.794863,0,0,312,7.077016,2021/05/19 18:28:00+00,,,,,,,,,,,,,,,,,,,,,,1.516119,333.245453,1.129082,0.786761
-76.438362,36.794871,0,0,313,7.077631,2021/05/19 18:28:01+00,,,,,,,,,,,,,,,,,,,,,,1.503521,324.297302,1.127798,0.786234
-76.438376,36.794878,0,0,314,7.078569,2021/05/19 18:28:02+00,,,,,,,,,,,,,,,,,,,,,,1.494012,326.59137,1.125986,0.785489
-76.43839,36.794886,0,0,315,7.079818,2021/05/19 18:28:03+00,,,,,,,,,,,,,,,,,,,,,,1.488171,328.756531,1.123531,0.784478
-76.438404,36.794893,0,0,316,7.081396,2021/05/19 18:28:04+00,,,,,,,,,,,,,,,,,,,,,,1.485996,331.790649,1.120324,0.783158
-76.438418,36.794901,0,0,317,7.083356,2021/05/19 18:28:05+00,,,,,,,,,,,,,,,,,,,,,,1.486998,329.830505,1.116288,0.781502
-76.438432,36.794908,0,0,318,7.085791,2021/05/19 18:28:06+00,,,,,,,,,,,,,,,,,,,,,,1.490583,326.93277,1.111392,0.779504
-76.438446,36.794915,0,0,319,7.088828,2021/05/19 18:28:07+00,,,,,,,,,,,,,,,,,,,,,,1.496443,325.868774,1.105692,0.777198
-76.43846,36.794923,0,0,320,7.092626,2021/05/19 18:28:08+00,,,,,,,,,,,,,,,,,,,,,,1.504436,327.741577,1.09936,0.77467
-76.438474,36.79493,0,0,321,7.09736,2021/05/19 18:28:09+00,,,,,,,,,,,,,,,,,,,,,,1.514033,328.766724,1.092725,0.772076
-76.438489,36.794937,0,0,322,7.103194,2021/05/19 18:28:10+00,,,,,,,,,,,,,,,,,,,,,,1.524469,322.660034,1.086307,0.769653
-76.438503,36.794944,0,0,323,7.110272,2021/05/19 18:28:11+00,,,,,,,,,,,,,,,,,,,,,,1.535208,332.149872,1.080829,0.767723
-76.438518,36.794951,0,0,324,7.118711,2021/05/19 18:28:12+00,,,,,,,,,,,,,,,,,,,,,,1.545994,332.282257,1.077207,0.766685
-76.438533,36.794958,0,0,325,7.12861,2021/05/19 18:28:13+00,,,,,,,,,,,,,,,,,,,,,,1.556523,320.703247,1.07633,0.766919
-76.438549,36.794965,0,0,326,7.140081,2021/05/19 18:28:14+00,,,,,,,,,,,,,,,,,,,,,,1.566545,333.257019,1.078678,0.768612
-76.438564,36.794972,0,0,327,7.153256,2021/05/19 18:28:15+00,,,,,,,,,,,,,,,,,,,,,,1.576005,342.31662,1.084111,0.771664
-76.43858,36.794978,0,0,328,7.168284,2021/05/19 18:28:16+00,,,,,,,,,,,,,,,,,,,,,,1.585233,326.068268,1.091884,0.775699
-76.438595,36.794985,0,0,329,7.185301,2021/05/19 18:28:17+00,,,,,,,,,,,,,,,,,,,,,,1.594825,320.679718,1.100874,0.780171
-76.438611,36.794992,0,0,330,7.204377,2021/05/19 18:28:18+00,,,,,,,,,,,,,,,,,,,,,,1.605222,311.604431,1.110012,0.784555
-76.438627,36.794999,0,0,331,7.225493,2021/05/19 18:28:19+00,,,,,,,,,,,,,,,,,,,,,,1.616664,313.641235,1.118553,0.788495
-76.438643,36.795006,0,0,332,7.248522,2021/05/19 18:28:20+00,,,,,,,,,,,,,,,,,,,,,,1.629079,320.170868,1.126187,0.791876
-76.438659,36.795014,0,0,333,7.273221,2021/05/19 18:28:21+00,,,,,,,,,,,,,,,,,,,,,,1.642112,317.766235,1.133175,0.794921
-76.438675,36.795021,0,0,334,7.299246,2021/05/19 18:28:22+00,,,,,,,,,,,,,,,,,,,,,,1.655173,315.988953,1.140506,0.798326
-76.43869,36.795029,0,0,335,7.326192,2021/05/19 18:28:23+00,,,,,,,,,,,,,,,,,,,,,,1.667737,319.816162,1.150119,0.803421
-76.438706,36.795037,0,0,336,7.353636,2021/05/19 18:28:24+00,,,,,,,,,,,,,,,,,,,,,,1.679553,320.21347,1.165124,0.812352
-76.438722,36.795046,0,0,337,7.381176,2021/05/19 18:28:25+00,,,,,,,,,,,,,,,,,,,,,,1.69056,321.816376,1.189974,0.828222
-76.438737,36.795054,0,0,338,7.408474,2021/05/19 18:28:26+00,,,,,,,,,,,,,,,,,,,,,,1.700618,319.651459,1.23043,0.855086
-76.438753,36.795063,0,0,339,7.43529,2021/05/19 18:28:27+00,,,,,,,,,,,,,,,,,,,,,,1.70934,320.524994,1.293157,0.897684
-76.438763,36.79508,0,0,340,7.453564,2021/05/19 18:28:28+00,,,,,,,,,,,,,,,,,,,,,,1.805307,-1,1.232385,0.855677
-76.438772,36.795095,0,0,341,7.446707,2021/05/19 18:28:29+00,,,,,,,,,,,,,,,,,,,,,,1.801266,-1,1.191882,0.828227
-76.43878,36.795109,0,0,342,7.437384,2021/05/19 18:28:30+00,,,,,,,,,,,,,,,,,,,,,,1.793828,-1,1.169353,0.813206
-76.438788,36.795124,0,0,343,7.425519,2021/05/19 18:28:31+00,,,,,,,,,,,,,,,,,,,,,,1.782856,-1,1.158549,0.806189
-76.438796,36.795139,0,0,344,7.41119,2021/05/19 18:28:32+00,,,,,,,,,,,,,,,,,,,,,,1.768284,-1,1.154596,0.80377
-76.438803,36.795153,0,0,345,7.394614,2021/05/19 18:28:33+00,,,,,,,,,,,,,,,,,,,,,,1.750215,342.13974,1.154065,0.80358
-76.438811,36.795168,0,0,346,7.37612,2021/05/19 18:28:34+00,,,,,,,,,,,,,,,,,,,,,,1.72895,343.797028,1.154759,0.804124
-76.438818,36.795182,0,0,347,7.356112,2021/05/19 18:28:35+00,,,,,,,,,,,,,,,,,,,,,,1.70487,347.200195,1.15542,0.804568
-76.438825,36.795196,0,0,348,7.335055,2021/05/19 18:28:36+00,,,,,,,,,,,,,,,,,,,,,,1.678279,12.384202,1.155447,0.804526
-76.438832,36.79521,0,0,349,7.313444,2021/05/19 18:28:37+00,,,,,,,,,,,,,,,,,,,,,,1.649514,8.729845,1.154654,0.8039
-76.438839,36.795224,0,0,350,7.29179,2021/05/19 18:28:38+00,,,,,,,,,,,,,,,,,,,,,,1.619071,7.145123,1.153101,0.80275
-76.438846,36.795237,0,0,351,7.270596,2021/05/19 18:28:39+00,,,,,,,,,,,,,,,,,,,,,,1.587342,22.860674,1.150969,0.801216
-76.438853,36.79525,0,0,352,7.250334,2021/05/19 18:28:40+00,,,,,,,,,,,,,,,,,,,,,,1.554493,39.332722,1.148479,0.799459
-76.43886,36.795263,0,0,353,7.231445,2021/05/19 18:28:41+00,,,,,,,,,,,,,,,,,,,,,,1.520598,45.605553,1.145848,0.797631
-76.438867,36.795275,0,0,354,7.214315,2021/05/19 18:28:42+00,,,,,,,,,,,,,,,,,,,,,,1.485793,71.313614,1.143257,0.79586
-76.438875,36.795287,0,0,355,7.199266,2021/05/19 18:28:43+00,,,,,,,,,,,,,,,,,,,,,,1.450276,58.062973,1.140851,0.794242
-76.438882,36.795298,0,0,356,7.186526,2021/05/19 18:28:44+00,,,,,,,,,,,,,,,,,,,,,,1.414364,33.1394,1.138734,0.79285
-76.43889,36.795309,0,0,357,7.176216,2021/05/19 18:28:45+00,,,,,,,,,,,,,,,,,,,,,,1.378385,70.788124,1.136985,0.79174
-76.438898,36.79532,0,0,358,7.168355,2021/05/19 18:28:46+00,,,,,,,,,,,,,,,,,,,,,,1.342472,96.43721,1.135663,0.790955
-76.438906,36.79533,0,0,359,7.162868,2021/05/19 18:28:47+00,,,,,,,,,,,,,,,,,,,,,,1.306502,92.435837,1.134828,0.790545
-76.438914,36.79534,0,0,360,7.159613,2021/05/19 18:28:48+00,,,,,,,,,,,,,,,,,,,,,,1.270009,94.78569,1.134545,0.790569
-76.438922,36.795349,0,0,361,7.158384,2021/05/19 18:28:49+00,,,,,,,,,,,,,,,,,,,,,,1.23259,103.566833,1.134904,0.791108
-76.43893,36.795357,0,0,362,7.15894,2021/05/19 18:28:50+00,,,,,,,,,,,,,,,,,,,,,,1.194086,103.063087,1.136016,0.792268
-76.438939,36.795365,0,0,363,7.16104,2021/05/19 18:28:51+00,,,,,,,,,,,,,,,,,,,,,,1.154219,111.414055,1.13802,0.79418
-76.438947,36.795373,0,0,364,7.164479,2021/05/19 18:28:52+00,,,,,,,,,,,,,,,,,,,,,,1.11257,138.470322,1.141077,0.796999
-76.438956,36.79538,0,0,365,7.169104,2021/05/19 18:28:53+00,,,,,,,,,,,,,,,,,,,,,,1.068738,166.670288,1.145354,0.800893
-76.438964,36.795386,0,0,366,7.174811,2021/05/19 18:28:54+00,,,,,,,,,,,,,,,,,,,,,,1.022582,162.800461,1.151005,0.806027
-76.438973,36.795392,0,0,367,7.181543,2021/05/19 18:28:55+00,,,,,,,,,,,,,,,,,,,,,,0.974324,170.982452,1.158134,0.812536
-76.438981,36.795397,0,0,368,7.189291,2021/05/19 18:28:56+00,,,,,,,,,,,,,,,,,,,,,,0.924292,184.392136,1.166771,0.820511
-76.43899,36.795402,0,0,369,7.198105,2021/05/19 18:28:57+00,,,,,,,,,,,,,,,,,,,,,,0.872728,199.083328,1.17683,0.829974
-76.438998,36.795406,0,0,370,7.208104,2021/05/19 18:28:58+00,,,,,,,,,,,,,,,,,,,,,,0.819774,210.542114,1.188067,0.840848
-76.439006,36.795409,0,0,371,7.219483,2021/05/19 18:28:59+00,,,,,,,,,,,,,,,,,,,,,,0.765815,214.330338,1.200018,0.852905
-76.439014,36.795411,0,0,372,7.232508,2021/05/19 18:29:00+00,,,,,,,,,,,,,,,,,,,,,,0.711982,221.455612,1.211951,0.865711
-76.439021,36.795413,0,0,373,7.247522,2021/05/19 18:29:01+00,,,,,,,,,,,,,,,,,,,,,,0.660294,247.977615,1.222826,0.878588
-76.439028,36.795413,0,0,374,7.264938,2021/05/19 18:29:02+00,,,,,,,,,,,,,,,,,,,,,,0.613631,239.404251,1.231287,0.890593
-76.439035,36.795413,0,0,375,7.285237,2021/05/19 18:29:03+00,,,,,,,,,,,,,,,,,,,,,,0.575375,223.904633,1.235687,0.900525
-76.439041,36.795413,0,0,376,7.308938,2021/05/19 18:29:04+00,,,,,,,,,,,,,,,,,,,,,,0.547742,222.816147,1.234467,0.907176
-76.439047,36.795411,0,0,377,7.336538,2021/05/19 18:29:05+00,,,,,,,,,,,,,,,,,,,,,,0.531842,224.611542,1.226748,0.909776
-76.439052,36.795409,0,0,378,7.368443,2021/05/19 18:29:06+00,,,,,,,,,,,,,,,,,,,,,,0.52741,225.868668,1.212443,0.90805
-76.439056,36.795406,0,0,379,7.404907,2021/05/19 18:29:07+00,,,,,,,,,,,,,,,,,,,,,,0.531783,223.69162,1.192052,0.901991
-76.439061,36.795402,0,0,380,7.446038,2021/05/19 18:29:08+00,,,,,,,,,,,,,,,,,,,,,,0.541481,211.385574,1.166702,0.891889
-76.439064,36.795399,0,0,381,7.491815,2021/05/19 18:29:09+00,,,,,,,,,,,,,,,,,,,,,,0.554453,210.279343,1.138016,0.87845
-76.439067,36.795394,0,0,382,7.541905,2021/05/19 18:29:09+00,,,,,,,,,,,,,,,,,,,,,,0.567796,209.18544,1.107821,0.862688
-76.439067,36.795394,0,0,383,7.541957,2021/05/19 18:29:10+00,,,,,,,,,,,,,,,,,,,,,,0.567796,206.015778,1.10779,0.862672
-76.43907,36.795389,0,0,384,7.595711,2021/05/19 18:29:11+00,,,,,,,,,,,,,,,,,,,,,,0.577582,203.551468,1.077815,0.845594
-76.439072,36.795385,0,0,385,7.651622,2021/05/19 18:29:12+00,,,,,,,,,,,,,,,,,,,,,,0.582568,199.377136,1.049526,0.828104
-76.439074,36.795379,0,0,386,7.707442,2021/05/19 18:29:12+00,,,,,,,,,,,,,,,,,,,,,,0.5842,201.331894,1.024097,0.811112
-76.439074,36.795379,0,0,387,7.707498,2021/05/19 18:29:13+00,,,,,,,,,,,,,,,,,,,,,,0.5842,206.393036,1.024073,0.811095
-76.439075,36.795374,0,0,388,7.760301,2021/05/19 18:29:13+00,,,,,,,,,,,,,,,,,,,,,,0.583403,208.802063,1.002227,0.795321
-76.439075,36.795374,0,0,389,7.760402,2021/05/19 18:29:14+00,,,,,,,,,,,,,,,,,,,,,,0.583403,208.760651,1.002187,0.795291
-76.439076,36.795369,0,0,390,7.806605,2021/05/19 18:29:15+00,,,,,,,,,,,,,,,,,,,,,,0.579203,205.714355,0.983876,0.780915
-76.439076,36.795364,0,0,391,7.841912,2021/05/19 18:29:16+00,,,,,,,,,,,,,,,,,,,,,,0.571163,198.390289,0.968499,0.767703
-76.439076,36.795359,0,0,392,7.862155,2021/05/19 18:29:17+00,,,,,,,,,,,,,,,,,,,,,,0.559285,196.690994,0.955341,0.755334
-76.439076,36.795354,0,0,393,7.863489,2021/05/19 18:29:18+00,,,,,,,,,,,,,,,,,,,,,,0.542643,194.086853,0.943774,0.743561
-76.439076,36.795349,0,0,394,7.843105,2021/05/19 18:29:19+00,,,,,,,,,,,,,,,,,,,,,,0.519967,190.014832,0.933382,0.732306
-76.439075,36.795344,0,0,395,7.800032,2021/05/19 18:29:20+00,,,,,,,,,,,,,,,,,,,,,,0.49042,168.421387,0.924036,0.721725
-76.439075,36.79534,0,0,396,7.735435,2021/05/19 18:29:21+00,,,,,,,,,,,,,,,,,,,,,,0.453755,159.659286,0.915815,0.712127
-76.439075,36.795336,0,0,397,7.652416,2021/05/19 18:29:22+00,,,,,,,,,,,,,,,,,,,,,,0.410533,145.224075,0.908813,0.703774
-76.439076,36.795333,0,0,398,7.555196,2021/05/19 18:29:23+00,,,,,,,,,,,,,,,,,,,,,,0.363022,144.482132,0.903042,0.696782
-76.439076,36.79533,0,0,399,7.447939,2021/05/19 18:29:24+00,,,,,,,,,,,,,,,,,,,,,,0.315444,134.714218,0.898438,0.691143
-76.439077,36.795327,0,0,400,7.334116,2021/05/19 18:29:25+00,,,,,,,,,,,,,,,,,,,,,,0.272964,116.941803,0.894883,0.686757
-76.439079,36.795325,0,0,401,7.216738,2021/05/19 18:29:26+00,,,,,,,,,,,,,,,,,,,,,,0.240339,118.191383,0.892225,0.683463
-76.43908,36.795324,0,0,402,7.098732,2021/05/19 18:29:27+00,,,,,,,,,,,,,,,,,,,,,,0.22034,112.987663,0.890307,0.681079
-76.439082,36.795323,0,0,403,6.98306,2021/05/19 18:29:28+00,,,,,,,,,,,,,,,,,,,,,,0.212905,113.532677,0.888971,0.679418
-76.439084,36.795322,0,0,404,6.872548,2021/05/19 18:29:29+00,,,,,,,,,,,,,,,,,,,,,,0.21539,115.384842,0.888079,0.678307
-76.439087,36.795321,0,0,405,6.769592,2021/05/19 18:29:30+00,,,,,,,,,,,,,,,,,,,,,,0.223473,107.612694,0.887514,0.6776
-76.439089,36.795321,0,0,406,6.676048,2021/05/19 18:29:31+00,,,,,,,,,,,,,,,,,,,,,,0.23275,114.337715,0.887181,0.677175
-76.439092,36.795321,0,0,407,6.593143,2021/05/19 18:29:32+00,,,,,,,,,,,,,,,,,,,,,,0.241009,114.549339,0.887006,0.676938
-76.439095,36.79532,0,0,408,6.52143,2021/05/19 18:29:33+00,,,,,,,,,,,,,,,,,,,,,,0.248446,115.62394,0.886934,0.67682
-76.439097,36.79532,0,0,409,6.460873,2021/05/19 18:29:34+00,,,,,,,,,,,,,,,,,,,,,,0.255586,122.842155,0.886926,0.67677
-76.4391,36.79532,0,0,410,6.410957,2021/05/19 18:29:35+00,,,,,,,,,,,,,,,,,,,,,,0.262749,126.826065,0.886952,0.676754
-76.439103,36.79532,0,0,411,6.370654,2021/05/19 18:29:36+00,,,,,,,,,,,,,,,,,,,,,,0.269964,129.275269,0.886989,0.676748
-76.439106,36.795319,0,0,412,6.338543,2021/05/19 18:29:37+00,,,,,,,,,,,,,,,,,,,,,,0.277047,128.506836,0.887022,0.67674
-76.439109,36.795319,0,0,413,6.313104,2021/05/19 18:29:38+00,,,,,,,,,,,,,,,,,,,,,,0.283481,125.250931,0.887041,0.676725
-76.439112,36.795318,0,0,414,6.292874,2021/05/19 18:29:39+00,,,,,,,,,,,,,,,,,,,,,,0.28856,123.232201,0.887042,0.676707
-76.439116,36.795317,0,0,415,6.276589,2021/05/19 18:29:40+00,,,,,,,,,,,,,,,,,,,,,,0.29152,126.197113,0.887037,0.6767
-76.439119,36.795316,0,0,416,6.263473,2021/05/19 18:29:41+00,,,,,,,,,,,,,,,,,,,,,,0.291249,125.143753,0.88706,0.676737
-76.439122,36.795315,0,0,417,6.253166,2021/05/19 18:29:42+00,,,,,,,,,,,,,,,,,,,,,,0.286768,124.488487,0.887181,0.67687
-76.439124,36.795314,0,0,418,6.245433,2021/05/19 18:29:43+00,,,,,,,,,,,,,,,,,,,,,,0.27758,123.577148,0.887524,0.677182
-76.439127,36.795313,0,0,419,6.240081,2021/05/19 18:29:44+00,,,,,,,,,,,,,,,,,,,,,,0.263529,127.153435,0.88829,0.677792
-76.439129,36.795312,0,0,420,6.236938,2021/05/19 18:29:45+00,,,,,,,,,,,,,,,,,,,,,,0.24503,128.616989,0.889779,0.678866
-76.439132,36.79531,0,0,421,6.23587,2021/05/19 18:29:46+00,,,,,,,,,,,,,,,,,,,,,,0.22313,128.120163,0.892409,0.680622
-76.439134,36.795309,0,0,422,6.236717,2021/05/19 18:29:47+00,,,,,,,,,,,,,,,,,,,,,,0.199251,126.41993,0.896734,0.683325
-76.439135,36.795308,0,0,423,6.239218,2021/05/19 18:29:48+00,,,,,,,,,,,,,,,,,,,,,,0.174782,125.228592,0.903429,0.687283
-76.439137,36.795307,0,0,424,6.243052,2021/05/19 18:29:49+00,,,,,,,,,,,,,,,,,,,,,,0.150766,124.767036,0.913257,0.692823
-76.439138,36.795306,0,0,425,6.247877,2021/05/19 18:29:50+00,,,,,,,,,,,,,,,,,,,,,,0.127951,122.960632,0.926983,0.700252
-76.439139,36.795306,0,0,426,6.253355,2021/05/19 18:29:51+00,,,,,,,,,,,,,,,,,,,,,,0.106825,123.398788,0.945247,0.709798
-76.439139,36.795305,0,0,427,6.259176,2021/05/19 18:29:52+00,,,,,,,,,,,,,,,,,,,,,,0.087669,122.919243,0.968395,0.721549
-76.43914,36.795304,0,0,428,6.265079,2021/05/19 18:29:53+00,,,,,,,,,,,,,,,,,,,,,,0.070594,123.478058,0.996282,0.735367
-76.43914,36.795304,0,0,429,6.270866,2021/05/19 18:29:54+00,,,,,,,,,,,,,,,,,,,,,,0.055585,122.395477,1.028106,0.750827
-76.439141,36.795304,0,0,430,6.276412,2021/05/19 18:29:55+00,,,,,,,,,,,,,,,,,,,,,,0.042549,122.278992,1.062286,0.767171
-76.439141,36.795303,0,0,431,6.281654,2021/05/19 18:29:56+00,,,,,,,,,,,,,,,,,,,,,,0.031428,124.623291,1.096781,0.783448
-76.439141,36.795303,0,0,432,6.286563,2021/05/19 18:29:57+00,,,,,,,,,,,,,,,,,,,,,,0.022252,128.871109,1.129798,0.798838
-76.439141,36.795303,0,0,433,6.291125,2021/05/19 18:29:58+00,,,,,,,,,,,,,,,,,,,,,,0.015183,128.505173,1.160127,0.812798
-76.439141,36.795303,0,0,434,6.295341,2021/05/19 18:29:59+00,,,,,,,,,,,,,,,,,,,,,,0.0107,128.746368,1.187066,0.825029
-76.439141,36.795303,0,0,435,6.299227,2021/05/19 18:30:00+00,,,,,,,,,,,,,,,,,,,,,,0.009378,129.148041,1.210316,0.835424
-76.439141,36.795303,0,0,436,6.302804,2021/05/19 18:30:01+00,,,,,,,,,,,,,,,,,,,,,,0.010433,129.414383,1.22987,0.844016
-76.439141,36.795303,0,0,437,6.3061,2021/05/19 18:30:01+00,,,,,,,,,,,,,,,,,,,,,,0.012195,129.352936,1.24593,0.85094
-76.43914,36.795303,0,0,438,6.309156,2021/05/19 18:30:02+00,,,,,,,,,,,,,,,,,,,,,,0.013787,129.331619,1.258851,0.856393
-76.43914,36.795303,0,0,439,6.312001,2021/05/19 18:30:03+00,,,,,,,,,,,,,,,,,,,,,,0.014933,131.82869,1.268988,0.860566
-76.43914,36.795303,0,0,440,6.314663,2021/05/19 18:30:04+00,,,,,,,,,,,,,,,,,,,,,,0.015594,141.936722,1.276757,0.863675
-76.43914,36.795303,0,0,441,6.31717,2021/05/19 18:30:05+00,,,,,,,,,,,,,,,,,,,,,,0.015807,141.44519,1.282568,0.865927
-76.43914,36.795303,0,0,442,6.319541,2021/05/19 18:30:06+00,,,,,,,,,,,,,,,,,,,,,,0.015636,141.41626,1.286801,0.867508
-76.43914,36.795303,0,0,443,6.321794,2021/05/19 18:30:07+00,,,,,,,,,,,,,,,,,,,,,,0.015153,138.855927,1.289795,0.868578
-76.43914,36.795303,0,0,444,6.323942,2021/05/19 18:30:08+00,,,,,,,,,,,,,,,,,,,,,,0.014425,139.150253,1.291844,0.869274
-76.439139,36.795303,0,0,445,6.325994,2021/05/19 18:30:09+00,,,,,,,,,,,,,,,,,,,,,,0.013517,143.901642,1.293194,0.869704
-76.439139,36.795303,0,0,446,6.327959,2021/05/19 18:30:10+00,,,,,,,,,,,,,,,,,,,,,,0.012483,144.924545,1.294042,0.869954
-76.439139,36.795303,0,0,447,6.329838,2021/05/19 18:30:11+00,,,,,,,,,,,,,,,,,,,,,,0.011372,144.586288,1.294544,0.870086
-76.439139,36.795303,0,0,448,6.331637,2021/05/19 18:30:12+00,,,,,,,,,,,,,,,,,,,,,,0.010225,147.222672,1.294819,0.870149
-76.439139,36.795303,0,0,449,6.333364,2021/05/19 18:30:13+00,,,,,,,,,,,,,,,,,,,,,,0.009075,147.870728,1.294953,0.870173
-76.439139,36.795303,0,0,450,6.335023,2021/05/19 18:30:14+00,,,,,,,,,,,,,,,,,,,,,,0.00795,147.228195,1.295009,0.87018
-76.439139,36.795303,0,0,451,6.336622,2021/05/19 18:30:15+00,,,,,,,,,,,,,,,,,,,,,,0.00687,149.371109,1.295026,0.870182
-76.439139,36.795304,0,0,452,6.338169,2021/05/19 18:30:16+00,,,,,,,,,,,,,,,,,,,,,,0.005851,148.197647,1.295032,0.870187
-76.439139,36.795304,0,0,453,6.339671,2021/05/19 18:30:17+00,,,,,,,,,,,,,,,,,,,,,,0.004906,146.780167,1.295039,0.870198
-76.439139,36.795304,0,0,454,6.341134,2021/05/19 18:30:18+00,,,,,,,,,,,,,,,,,,,,,,0.00404,147.26564,1.295056,0.870214
-76.439139,36.795304,0,0,455,6.342565,2021/05/19 18:30:19+00,,,,,,,,,,,,,,,,,,,,,,0.003259,149.890839,1.295085,0.870236
-76.439139,36.795304,0,0,456,6.343972,2021/05/19 18:30:20+00,,,,,,,,,,,,,,,,,,,,,,0.002564,151.949921,1.295124,0.870261
-76.439139,36.795304,0,0,457,6.345362,2021/05/19 18:30:21+00,,,,,,,,,,,,,,,,,,,,,,0.001955,151.956161,1.295171,0.870287
-76.439139,36.795304,0,0,458,6.346743,2021/05/19 18:30:22+00,,,,,,,,,,,,,,,,,,,,,,0.001429,151.936691,1.295222,0.870314
-76.439139,36.795304,0,0,459,6.348123,2021/05/19 18:30:23+00,,,,,,,,,,,,,,,,,,,,,,0.000985,149.546585,1.295275,0.87034
-76.439139,36.795304,0,0,460,6.349511,2021/05/19 18:30:24+00,,,,,,,,,,,,,,,,,,,,,,0.000623,147.570328,1.295327,0.870363
-76.439139,36.795304,0,0,461,6.350916,2021/05/19 18:30:25+00,,,,,,,,,,,,,,,,,,,,,,0.000361,147.054977,1.295376,0.870384
-76.439139,36.795304,0,0,462,6.352353,2021/05/19 18:30:26+00,,,,,,,,,,,,,,,,,,,,,,0.000261,151.990982,1.29542,0.870402
-76.439139,36.795304,0,0,463,6.353839,2021/05/19 18:30:27+00,,,,,,,,,,,,,,,,,,,,,,0.000337,152.054504,1.295459,0.870417
-76.439139,36.795304,0,0,464,6.355394,2021/05/19 18:30:28+00,,,,,,,,,,,,,,,,,,,,,,0.000453,151.381866,1.295492,0.870429
-76.439139,36.795304,0,0,465,6.357039,2021/05/19 18:30:29+00,,,,,,,,,,,,,,,,,,,,,,0.000554,153.508469,1.295519,0.870438
-76.439139,36.795304,0,0,466,6.358795,2021/05/19 18:30:30+00,,,,,,,,,,,,,,,,,,,,,,0.000628,156.703751,1.295542,0.870445
-76.439139,36.795304,0,0,467,6.360677,2021/05/19 18:30:31+00,,,,,,,,,,,,,,,,,,,,,,0.000677,157.715317,1.29556,0.870451
-76.439139,36.795304,0,0,468,6.362698,2021/05/19 18:30:32+00,,,,,,,,,,,,,,,,,,,,,,0.000704,149.219559,1.295573,0.870455
-76.439139,36.795304,0,0,469,6.364864,2021/05/19 18:30:33+00,,,,,,,,,,,,,,,,,,,,,,0.000713,142.057022,1.295584,0.870458
-76.439139,36.795304,0,0,470,6.367177,2021/05/19 18:30:34+00,,,,,,,,,,,,,,,,,,,,,,0.000707,141.65242,1.295591,0.87046
-76.439139,36.795304,0,0,471,6.369633,2021/05/19 18:30:35+00,,,,,,,,,,,,,,,,,,,,,,0.000688,145.812775,1.295597,0.870461
-76.439139,36.795304,0,0,472,6.372219,2021/05/19 18:30:36+00,,,,,,,,,,,,,,,,,,,,,,0.00066,147.203079,1.2956,0.870462
-76.439139,36.795304,0,0,473,6.374917,2021/05/19 18:30:37+00,,,,,,,,,,,,,,,,,,,,,,0.000626,140.794052,1.295603,0.870462
-76.439139,36.795304,0,0,474,6.3777,2021/05/19 18:30:38+00,,,,,,,,,,,,,,,,,,,,,,0.000586,139.846497,1.295604,0.870462
-76.439139,36.795304,0,0,475,6.38054,2021/05/19 18:30:39+00,,,,,,,,,,,,,,,,,,,,,,0.000543,141.911102,1.295605,0.870463
-76.439139,36.795304,0,0,476,6.383399,2021/05/19 18:30:40+00,,,,,,,,,,,,,,,,,,,,,,0.000497,161.92099,1.295606,0.870463
-76.439139,36.795304,0,0,477,6.386238,2021/05/19 18:30:41+00,,,,,,,,,,,,,,,,,,,,,,0.000451,157.491333,1.295606,0.870463
-76.439139,36.795304,0,0,478,6.389014,2021/05/19 18:30:42+00,,,,,,,,,,,,,,,,,,,,,,0.000404,155.251541,1.295606,0.870463
-76.439139,36.795304,0,0,479,6.391689,2021/05/19 18:30:43+00,,,,,,,,,,,,,,,,,,,,,,0.000358,149.260559,1.295606,0.870463
-76.439139,36.795304,0,0,480,6.39423,2021/05/19 18:30:44+00,,,,,,,,,,,,,,,,,,,,,,0.000313,147.335342,1.295607,0.870463
-76.439139,36.795304,0,0,481,6.396616,2021/05/19 18:30:45+00,,,,,,,,,,,,,,,,,,,,,,0.000272,150.79718,1.295607,0.870463
-76.439139,36.795304,0,0,482,6.398832,2021/05/19 18:30:46+00,,,,,,,,,,,,,,,,,,,,,,0.000234,156.503113,1.295607,0.870463
-76.439139,36.795304,0,0,483,6.400873,2021/05/19 18:30:47+00,,,,,,,,,,,,,,,,,,,,,,0.0002,156.265579,1.295608,0.870463
-76.439139,36.795304,0,0,484,6.402739,2021/05/19 18:30:48+00,,,,,,,,,,,,,,,,,,,,,,0.000169,152.395493,1.295608,0.870463
-76.439139,36.795304,0,0,485,6.404437,2021/05/19 18:30:49+00,,,,,,,,,,,,,,,,,,,,,,0.000143,153.755722,1.295609,0.870464
-76.439139,36.795304,0,0,486,6.405981,2021/05/19 18:30:50+00,,,,,,,,,,,,,,,,,,,,,,0.00012,157.911896,1.29561,0.870464
-76.439139,36.795304,0,0,487,6.407387,2021/05/19 18:30:51+00,,,,,,,,,,,,,,,,,,,,,,0.0001,169.281891,1.295612,0.870465
-76.439139,36.795304,0,0,488,6.408679,2021/05/19 18:30:52+00,,,,,,,,,,,,,,,,,,,,,,8.2e-05,170.082077,1.295613,0.870465
-76.439139,36.795304,0,0,489,6.409883,2021/05/19 18:30:53+00,,,,,,,,,,,,,,,,,,,,,,6.6e-05,170.24086,1.295616,0.870466
-76.439139,36.795304,0,0,490,6.41103,2021/05/19 18:30:54+00,,,,,,,,,,,,,,,,,,,,,,5.3e-05,172.708817,1.295618,0.870468
-76.439139,36.795304,0,0,491,6.412149,2021/05/19 18:30:55+00,,,,,,,,,,,,,,,,,,,,,,4.2e-05,185.892792,1.295622,0.870469
-76.439139,36.795304,0,0,492,6.413273,2021/05/19 18:30:56+00,,,,,,,,,,,,,,,,,,,,,,4.2e-05,206.953903,1.295625,0.870471
-76.439139,36.795304,0,0,493,6.414429,2021/05/19 18:30:57+00,,,,,,,,,,,,,,,,,,,,,,5.9e-05,233.70752,1.29563,0.870473
-76.439139,36.795304,0,0,494,6.41564,2021/05/19 18:30:58+00,,,,,,,,,,,,,,,,,,,,,,8.9e-05,240.944977,1.295634,0.870476
-76.439139,36.795304,0,0,495,6.416929,2021/05/19 18:30:59+00,,,,,,,,,,,,,,,,,,,,,,0.00013,252.012009,1.295639,0.870479
-76.439139,36.795304,0,0,496,6.418312,2021/05/19 18:31:00+00,,,,,,,,,,,,,,,,,,,,,,0.000183,263.17984,1.295644,0.870482
-76.439139,36.795304,0,0,497,6.419802,2021/05/19 18:31:01+00,,,,,,,,,,,,,,,,,,,,,,0.000247,267.160339,1.295648,0.870486
-76.439139,36.795304,0,0,498,6.421405,2021/05/19 18:31:02+00,,,,,,,,,,,,,,,,,,,,,,0.000324,265.501007,1.295652,0.870489
-76.439139,36.795304,0,0,499,6.423121,2021/05/19 18:31:03+00,,,,,,,,,,,,,,,,,,,,,,0.000415,266.874176,1.295655,0.870492
-76.439139,36.795304,0,0,500,6.424943,2021/05/19 18:31:04+00,,,,,,,,,,,,,,,,,,,,,,0.00052,266.410095,1.295658,0.870495
-76.439139,36.795304,0,0,501,6.42686,2021/05/19 18:31:05+00,,,,,,,,,,,,,,,,,,,,,,0.00064,268.5979,1.295659,0.870497
-76.439139,36.795304,0,0,502,6.428856,2021/05/19 18:31:06+00,,,,,,,,,,,,,,,,,,,,,,0.000775,268.008301,1.29566,0.870498
-76.439139,36.795304,0,0,503,6.430909,2021/05/19 18:31:07+00,,,,,,,,,,,,,,,,,,,,,,0.000925,265.838135,1.295661,0.870499
-76.439139,36.795304,0,0,504,6.432993,2021/05/19 18:31:08+00,,,,,,,,,,,,,,,,,,,,,,0.001087,82.488983,1.295664,0.870499
-76.439139,36.795304,0,0,505,6.435081,2021/05/19 18:31:09+00,,,,,,,,,,,,,,,,,,,,,,0.001262,90.427567,1.295672,0.8705
-76.439139,36.795304,0,0,506,6.437144,2021/05/19 18:31:10+00,,,,,,,,,,,,,,,,,,,,,,0.001445,93.537849,1.29569,0.870504
-76.439139,36.795304,0,0,507,6.439153,2021/05/19 18:31:11+00,,,,,,,,,,,,,,,,,,,,,,0.001632,106.984833,1.295723,0.870513
-76.439139,36.795304,0,0,508,6.441082,2021/05/19 18:31:12+00,,,,,,,,,,,,,,,,,,,,,,0.001819,105.356003,1.295782,0.870531
-76.439139,36.795304,0,0,509,6.44291,2021/05/19 18:31:13+00,,,,,,,,,,,,,,,,,,,,,,0.001999,104.209747,1.295878,0.870566
-76.439139,36.795304,0,0,510,6.44462,2021/05/19 18:31:14+00,,,,,,,,,,,,,,,,,,,,,,0.002164,104.415619,1.296027,0.870625
-76.439139,36.795304,0,0,511,6.446198,2021/05/19 18:31:15+00,,,,,,,,,,,,,,,,,,,,,,0.002305,107.180397,1.296249,0.870719
-76.439139,36.795304,0,0,512,6.447634,2021/05/19 18:31:16+00,,,,,,,,,,,,,,,,,,,,,,0.002411,108.002739,1.296567,0.870864
-76.439139,36.795304,0,0,513,6.448921,2021/05/19 18:31:17+00,,,,,,,,,,,,,,,,,,,,,,0.00247,107.940384,1.297009,0.871075
-76.439139,36.795304,0,0,514,6.450056,2021/05/19 18:31:18+00,,,,,,,,,,,,,,,,,,,,,,0.002466,107.940384,1.297605,0.871375
-76.439139,36.795304,0,0,515,6.45104,2021/05/19 18:31:19+00,,,,,,,,,,,,,,,,,,,,,,0.002383,107.940384,1.29839,0.871785
-76.439139,36.795304,0,0,516,6.451878,2021/05/19 18:31:20+00,,,,,,,,,,,,,,,,,,,,,,0.002204,107.940384,1.299394,0.87233
-76.439139,36.795304,0,0,517,6.452578,2021/05/19 18:31:21+00,,,,,,,,,,,,,,,,,,,,,,0.001909,107.940384,1.300648,0.873036
-76.439139,36.795304,0,0,518,6.453153,2021/05/19 18:31:22+00,,,,,,,,,,,,,,,,,,,,,,0.001475,107.940384,1.302173,0.873923
-76.439139,36.795304,0,0,519,6.453618,2021/05/19 18:31:23+00,,,,,,,,,,,,,,,,,,,,,,0.000881,159.872665,1.303979,0.875008
-76.439139,36.795304,0,0,520,6.453994,2021/05/19 18:31:24+00,,,,,,,,,,,,,,,,,,,,,,0.000127,157.488815,1.30606,0.876298
-76.439139,36.795304,0,0,521,6.454302,2021/05/19 18:31:25+00,,,,,,,,,,,,,,,,,,,,,,0.000898,152.538132,1.308384,0.877785
-76.439139,36.795304,0,0,522,6.454566,2021/05/19 18:31:26+00,,,,,,,,,,,,,,,,,,,,,,0.002121,158.306717,1.31089,0.87944
-76.439139,36.795304,0,0,523,6.454813,2021/05/19 18:31:27+00,,,,,,,,,,,,,,,,,,,,,,0.003604,158.786499,1.313488,0.881215
-76.439139,36.795304,0,0,524,6.455069,2021/05/19 18:31:28+00,,,,,,,,,,,,,,,,,,,,,,0.005368,158.242325,1.316054,0.883034
-76.439139,36.795304,0,0,525,6.455359,2021/05/19 18:31:29+00,,,,,,,,,,,,,,,,,,,,,,0.007432,158.146622,1.318436,0.884797
-76.439139,36.795304,0,0,526,6.455707,2021/05/19 18:31:30+00,,,,,,,,,,,,,,,,,,,,,,0.009811,159.160995,1.320472,0.886386
-76.439139,36.795304,0,0,527,6.456136,2021/05/19 18:31:31+00,,,,,,,,,,,,,,,,,,,,,,0.012515,160.166412,1.32201,0.887678
-76.439139,36.795303,0,0,528,6.456667,2021/05/19 18:31:32+00,,,,,,,,,,,,,,,,,,,,,,0.015545,160.901382,1.322958,0.888573
-76.439139,36.795303,0,0,529,6.45732,2021/05/19 18:31:33+00,,,,,,,,,,,,,,,,,,,,,,0.018894,160.915924,1.323343,0.889032
-76.439139,36.795303,0,0,530,6.458111,2021/05/19 18:31:34+00,,,,,,,,,,,,,,,,,,,,,,0.022542,161.321167,1.323405,0.88914
-76.439139,36.795303,0,0,531,6.459058,2021/05/19 18:31:35+00,,,,,,,,,,,,,,,,,,,,,,0.026457,161.361343,1.323722,0.889192
-76.439139,36.795303,0,0,532,6.460182,2021/05/19 18:31:36+00,,,,,,,,,,,,,,,,,,,,,,0.030587,161.619263,1.325371,0.889806
-76.439139,36.795302,0,0,533,6.4615,2021/05/19 18:31:37+00,,,,,,,,,,,,,,,,,,,,,,0.034863,160.958969,1.330116,0.892065
-76.439139,36.795302,0,0,534,6.463032,2021/05/19 18:31:38+00,,,,,,,,,,,,,,,,,,,,,,0.039189,160.277451,1.340605,0.897678
-76.439139,36.795302,0,0,535,6.464788,2021/05/19 18:31:39+00,,,,,,,,,,,,,,,,,,,,,,0.043446,196.226135,1.360522,0.909117
-76.43914,36.795301,0,0,536,6.466767,2021/05/19 18:31:40+00,,,,,,,,,,,,,,,,,,,,,,0.047482,205.306656,1.394601,0.929674
-76.43914,36.795301,0,0,537,6.468957,2021/05/19 18:31:41+00,,,,,,,,,,,,,,,,,,,,,,0.051114,241.38913,1.448413,0.96336
-76.43914,36.7953,0,0,538,6.471333,2021/05/19 18:31:42+00,,,,,,,,,,,,,,,,,,,,,,0.054123,284.752502,1.527851,1.014553
-76.43914,36.7953,0,0,539,6.476782,2021/05/19 18:31:43+00,,,,,,,,,,,,,,,,,,,,,,0.056458,-1,1.469203,0.974962
-76.43914,36.7953,0,0,540,6.481571,2021/05/19 18:31:44+00,,,,,,,,,,,,,,,,,,,,,,0.053326,-1,1.415272,0.941483
-76.43914,36.795299,0,0,541,6.486254,2021/05/19 18:31:45+00,,,,,,,,,,,,,,,,,,,,,,0.049591,-1,1.382292,0.922089
-76.439141,36.795299,0,0,542,6.49082,2021/05/19 18:31:46+00,,,,,,,,,,,,,,,,,,,,,,0.045481,-1,1.3641,0.912303
-76.439141,36.795298,0,0,543,6.495256,2021/05/19 18:31:47+00,,,,,,,,,,,,,,,,,,,,,,0.041191,-1,1.35544,0.908414
-76.439141,36.795298,0,0,544,6.499553,2021/05/19 18:31:48+00,,,,,,,,,,,,,,,,,,,,,,0.036879,342.13974,1.352255,0.907637
-76.439141,36.795298,0,0,545,6.503701,2021/05/19 18:31:49+00,,,,,,,,,,,,,,,,,,,,,,0.032676,343.797028,1.351736,0.908092
-76.439141,36.795297,0,0,546,6.507697,2021/05/19 18:31:50+00,,,,,,,,,,,,,,,,,,,,,,0.028682,347.200195,1.352241,0.9087
-76.439141,36.795297,0,0,547,6.51154,2021/05/19 18:31:51+00,,,,,,,,,,,,,,,,,,,,,,0.024972,12.384202,1.353198,0.909095
-76.439141,36.795297,0,0,548,6.515231,2021/05/19 18:31:52+00,,,,,,,,,,,,,,,,,,,,,,0.0216,8.729845,1.355055,0.909574
-76.439141,36.795297,0,0,549,6.518774,2021/05/19 18:31:53+00,,,,,,,,,,,,,,,,,,,,,,0.018603,7.145123,1.359295,0.911121
-76.439141,36.795297,0,0,550,6.522169,2021/05/19 18:31:54+00,,,,,,,,,,,,,,,,,,,,,,0.015998,22.860674,1.368505,0.915471
-76.439141,36.795297,0,0,551,6.52542,2021/05/19 18:31:55+00,,,,,,,,,,,,,,,,,,,,,,0.01379,39.332722,1.386441,0.925195
-76.439141,36.795296,0,0,552,6.528535,2021/05/19 18:31:56+00,,,,,,,,,,,,,,,,,,,,,,0.011973,45.605553,1.417993,0.943726
-76.439142,36.795296,0,0,553,6.531527,2021/05/19 18:31:57+00,,,,,,,,,,,,,,,,,,,,,,0.010528,71.313614,1.468937,0.975234
-76.439142,36.795296,0,0,554,6.534415,2021/05/19 18:31:58+00,,,,,,,,,,,,,,,,,,,,,,0.009428,58.062973,1.545399,1.024265
-76.439142,36.795296,0,0,555,6.53722,2021/05/19 18:31:59+00,,,,,,,,,,,,,,,,,,,,,,0.00864,33.1394,1.653082,1.095165
-76.439142,36.795296,0,0,556,6.539965,2021/05/19 18:32:00+00,,,,,,,,,,,,,,,,,,,,,,0.008119,70.788124,1.796477,1.191434
-76.439142,36.795296,0,0,557,6.542669,2021/05/19 18:32:01+00,,,,,,,,,,,,,,,,,,,,,,0.007818,96.43721,1.97832,1.315267
-76.439142,36.795296,0,0,558,6.54535,2021/05/19 18:32:02+00,,,,,,,,,,,,,,,,,,,,,,0.00768,92.435837,2.199432,1.46738
-76.439142,36.795296,0,0,559,6.548021,2021/05/19 18:32:03+00,,,,,,,,,,,,,,,,,,,,,,0.007645,94.78569,2.458834,1.647102
